LearnerID,InitialEnglishLevel,DailyStudyTime,StudyFrequency,VocabularyMastery,GrammarMastery,ListeningComprehension,OralExpression,ReadingAbility,WritingAbility,Memorization,Understanding,Application,Analysis,Evaluation,Creation,LearningPathCategory
L0001,Elementary,0.9,1,62.67651511187974,29.934747419608847,43.98713510160172,38.111276523644165,45.7552408240822,38.3221760571171,3,1,2,2,2,2,Beginner_Path
L0002,Advanced,0.9,4,92.88728003009837,74.95709436505747,100.0,83.09127105106434,84.97413486094315,63.03553738356901,4,3,4,3,4,4,UpperIntermediate_Path
L0003,Intermediate,1.3,1,48.42883381286729,43.18018003931781,75.07304357473262,52.68068491707908,68.74739621580257,59.708688593753806,2,2,3,3,2,3,Elementary_Path
L0004,Intermediate,1.8,2,46.668716452221936,64.95973678846445,65.23385214658508,84.32386204677499,56.91852370546862,64.87834421307994,2,3,3,3,2,3,Elementary_Path
L0005,Beginner,2.1,1,24.48487750941071,28.017381512486075,36.3557329466428,33.700998947921136,22.068464975458497,39.46374244758536,1,1,1,1,1,1,Beginner_Path
L0006,Beginner,0.9,2,46.620518347584735,36.24175684744613,60.89523036103863,54.77625442156135,39.516803212656555,28.59769504531986,2,1,2,1,2,2,Beginner_Path
L0007,Beginner,2.5,2,51.88596823087008,31.192365961381956,37.49589872245344,25.333680048933903,24.629739988720708,23.64987901813931,2,1,1,1,2,1,Beginner_Path
L0008,Upper-Intermediate,1.3,1,93.4936214138638,57.30534733987187,58.37967700072561,63.103490338356366,96.84230601754902,74.94497531780321,4,2,3,4,3,3,Intermediate_Path
L0009,Intermediate,1.5,6,68.4310533232324,53.316995768283576,69.58389009957068,51.13395468151799,50.34332086152769,56.414789529346734,3,2,3,2,3,2,Elementary_Path
L0010,Intermediate,1.0,3,71.62838577534986,60.99103331863595,53.952253263584836,49.543106885534776,58.381352346422695,53.7420737234167,3,3,2,2,3,2,Elementary_Path
L0011,Beginner,0.5,1,34.19983667346315,22.922406074566478,54.88608793499175,35.321012658415015,42.58202734701137,53.22463342993791,1,1,2,2,1,2,Beginner_Path
L0012,Advanced,2.1,5,78.43584183256144,93.09112790731379,91.18862303326581,80.91221797278502,87.1134183932077,75.53199905818668,3,4,4,4,4,4,UpperIntermediate_Path
L0013,Upper-Intermediate,2.0,6,83.50079332417553,61.50279078522304,86.03713240544197,64.80658407265426,72.09969598533807,87.75037021127466,4,3,3,3,3,3,Intermediate_Path
L0014,Beginner,1.3,6,44.17680752239401,30.170160739271594,59.01500346552158,49.584719964733274,44.21827286160877,35.3178390487064,2,1,2,1,1,2,Beginner_Path
L0015,Beginner,1.5,5,41.07444374340893,40.30683123010048,32.91141135379278,50.23793622513165,55.262159587962785,16.644295231291252,2,2,2,1,2,1,Beginner_Path
L0016,Beginner,1.9,3,43.8737148063299,28.36563842780512,39.34062869107595,47.492964983753154,47.675090818172976,33.20797345680859,2,1,2,2,1,2,Beginner_Path
L0017,Elementary,0.5,6,53.23185482458206,45.37574859335866,54.24328927342937,53.23998955584328,64.78513878573543,54.59496076599441,2,2,2,2,2,2,Elementary_Path
L0018,Elementary,1.1,2,62.83816859853562,41.853091712119074,70.37551319034344,48.927430657795526,39.53380891906498,41.349449671950296,3,2,2,2,2,2,Elementary_Path
L0019,Elementary,2.1,3,62.94985584816956,46.29368006703819,48.41617282059555,43.02969309334091,53.17362633255361,30.252214587616052,3,2,2,2,2,2,Beginner_Path
L0020,Elementary,0.6,7,55.44220352340347,21.192608944765027,49.054963040509925,38.468424952449084,51.55246052058279,43.3548546820383,2,1,2,2,1,2,Beginner_Path
L0021,Intermediate,1.7,5,68.45802872562928,36.70318184791917,69.78140575555808,61.62995703432687,63.510912916767346,46.42827626108294,3,1,3,2,2,3,Elementary_Path
L0022,Beginner,0.6,3,45.14062552424776,41.15967006046838,39.22771274289429,26.26369607453202,53.762319706355726,39.91814401087963,2,2,1,2,2,1,Beginner_Path
L0023,Elementary,1.8,1,45.38830267965381,55.37181405649051,56.52525882897616,38.06079070824607,47.79210850207946,52.733998160676116,2,2,2,2,2,2,Beginner_Path
L0024,Elementary,1.5,3,57.5656467491314,35.89513296468479,39.48462579031873,59.5291325620481,45.944966334459124,34.43729592251894,2,1,2,2,2,2,Beginner_Path
L0025,Elementary,0.5,2,36.05504931140739,42.55971647828866,77.14329942556597,67.00649041722087,55.33980797418664,37.941959448843505,1,2,3,2,1,2,Elementary_Path
L0026,Intermediate,2.3,1,70.53891552295883,57.94719252902301,51.52290769690597,61.93295138166481,42.21797272434152,62.566424651069376,3,2,2,2,3,2,Elementary_Path
L0027,Beginner,1.0,4,28.05477060233965,41.93217601658704,41.78247296009792,49.064571522946444,37.63147950877822,26.411557217010408,1,2,2,1,1,1,Beginner_Path
L0028,Elementary,0.9,5,52.85803286794733,24.723227283291514,54.67518964157905,45.541516825560166,48.65802310714547,34.17841864172005,2,1,2,2,1,2,Beginner_Path
L0029,Intermediate,1.6,5,51.54846041573841,46.13959753021623,84.12688134356796,44.62325813912316,50.796413836930746,43.21308868203745,2,2,3,2,2,2,Elementary_Path
L0030,Beginner,2.3,3,45.533889830744265,31.67420620150125,31.7515421906726,44.12171618618584,50.57059011356577,38.520386129581205,2,1,1,2,1,2,Beginner_Path
L0031,Intermediate,0.8,6,59.660747740720915,62.03140197236049,84.83704135478752,63.69289323270064,49.37759682656716,58.091577195174644,2,3,3,2,3,3,Elementary_Path
L0032,Beginner,1.5,1,24.052440418366675,59.98430483721495,52.57176821102023,38.716685538802444,38.64126951636204,28.159539696209585,1,2,2,1,2,1,Beginner_Path
L0033,Beginner,1.8,4,44.20699631018479,32.71994273190282,49.170953244232464,35.576245418948886,42.93157225322968,35.05085396128234,2,1,2,1,1,2,Beginner_Path
L0034,Upper-Intermediate,2.0,1,69.22079223167289,55.93022537896012,70.15366312982044,82.62210578581099,88.53451561476119,85.27132384155131,3,2,3,4,3,4,Intermediate_Path
L0035,Advanced,1.6,5,98.81146720813369,89.02268077201298,100.0,78.14266966572525,89.89443565119147,75.25939843081778,4,4,4,4,4,4,UpperIntermediate_Path
L0036,Upper-Intermediate,1.2,1,75.01325688734407,83.2099578954071,72.765133775802,65.26219421109343,84.3615359412821,50.48257390989551,3,4,3,3,3,3,Intermediate_Path
L0037,Elementary,0.9,4,53.95420985388038,46.08014120979501,67.66661253198413,37.91893493239572,57.00595397277127,49.5507557572037,2,2,2,2,2,2,Elementary_Path
L0038,Beginner,1.6,6,30.42431044984788,25.933514548457072,35.28937970892267,38.849729626358275,41.23457556169143,33.89598836098411,1,1,1,1,1,1,Beginner_Path
L0039,Intermediate,0.7,3,54.10667768572638,64.5799394148002,63.86841505543916,47.12106987890742,49.10486591726544,47.899749131848985,2,3,2,2,2,2,Elementary_Path
L0040,Elementary,0.5,2,45.413613638989155,51.63545618498435,49.44726911986828,41.15757819484757,35.65419139095651,51.52080237354908,2,2,2,2,2,2,Beginner_Path
L0041,Beginner,1.8,1,48.56702480242556,24.739191558043757,35.12477037573005,30.94244437772802,41.065054014191865,43.3922514466879,2,1,1,2,1,1,Beginner_Path
L0042,Elementary,2.1,2,66.77377087805489,48.81425617534342,62.413198169079145,45.39391667666042,44.57303126097386,22.917219801199074,3,2,2,1,2,2,Beginner_Path
L0043,Beginner,0.5,5,31.948282482571237,44.97265567658873,50.354587474096334,23.126255535960233,49.19261091681292,28.474020906685116,1,2,1,1,1,1,Beginner_Path
L0044,Upper-Intermediate,0.8,3,85.7684814465768,81.81890042558894,92.09010198900997,73.87204992037267,82.45856518098577,93.17516231196855,4,4,4,4,4,4,UpperIntermediate_Path
L0045,Elementary,1.9,7,28.30322582274298,44.33551024690544,37.20124891791833,60.47303650664678,48.1538900556295,50.83404915798191,1,2,2,2,1,2,Beginner_Path
L0046,Intermediate,2.9,3,48.058105989077106,51.41920553820681,75.64170702341043,59.35491372316762,48.42287076058731,61.7610363829715,2,2,3,2,2,3,Elementary_Path
L0047,Elementary,1.5,1,40.41221543813225,57.27273822081263,80.05448905356894,63.41321144801321,55.107355496072735,56.72894278631478,2,2,3,2,2,3,Elementary_Path
L0048,Elementary,1.0,6,36.474913105592776,32.89839497019115,50.48358910823053,61.33998185876925,39.8205055386485,45.17068825199726,1,1,2,2,1,2,Beginner_Path
L0049,Elementary,1.4,3,34.1641161021242,49.38579290921005,73.9514861210897,55.777350472478545,42.41536077069135,52.9668416009162,1,2,3,2,2,2,Elementary_Path
L0050,Beginner,2.5,1,44.129989121377974,21.299733726355708,42.36838727940173,38.74685842636886,30.205842617848454,42.180620438372024,2,1,2,1,1,1,Beginner_Path
L0051,Advanced,1.0,1,87.85932302272138,95.65376272259603,81.27590262438693,88.2250038824544,88.61498978060047,90.39041496752759,4,4,4,4,4,4,UpperIntermediate_Path
L0052,Intermediate,0.9,2,63.794053976051096,52.41954484388839,61.94367557593205,65.6379977236326,71.70192334070562,51.779880293825954,3,2,3,3,2,3,Elementary_Path
L0053,Upper-Intermediate,1.2,3,81.90472686121512,82.68583235647469,90.48203967675276,69.08329390495967,74.94959129776471,71.72058922366259,4,4,3,3,4,3,Intermediate_Path
L0054,Upper-Intermediate,0.8,1,77.65616993172533,74.91412756355527,71.61823517668469,54.17479248532536,70.56781307572304,64.11638435693222,3,3,3,3,3,3,Intermediate_Path
L0055,Intermediate,1.6,2,66.57763176150374,42.7677976993807,58.99661340993513,62.9200405410296,44.74385069954756,55.12814304566495,3,2,3,2,2,2,Elementary_Path
L0056,Upper-Intermediate,2.6,4,74.3046771375773,84.24627732077244,85.93539432293191,61.68931370065029,80.52124584729843,58.31509107900733,3,4,3,3,3,3,Intermediate_Path
L0057,Beginner,1.7,7,28.130066116942555,50.51245266427729,45.030601167385726,28.378587718096153,32.19595394071372,27.093760087270475,1,2,1,1,1,1,Beginner_Path
L0058,Beginner,1.3,2,50.57814180820796,43.82286492599216,50.84622952486741,38.00223947995788,41.17517619158097,32.17687958075071,2,2,2,1,2,2,Beginner_Path
L0059,Beginner,1.3,2,34.10887867218873,27.3841213496378,47.37829540758336,37.0487512244653,36.457813840833595,25.56294568569924,1,1,2,1,1,1,Beginner_Path
L0060,Elementary,0.5,1,40.64403701237574,41.93986045642591,59.79625319551573,33.87924393684369,58.38177219599437,39.949827292548235,2,2,2,2,2,2,Beginner_Path
L0061,Elementary,2.1,5,48.22082124195602,46.45427217405759,50.67698814190459,49.6549156413314,48.427636079714475,43.36074023244484,2,2,2,2,2,2,Beginner_Path
L0062,Elementary,1.4,5,40.87189080703487,37.96289600668567,57.31730942030393,57.66139660861049,49.410736454769484,49.02262344664378,2,1,2,2,1,2,Beginner_Path
L0063,Upper-Intermediate,1.4,6,70.82569618010568,86.92346572463205,70.72626994304066,61.71658429734217,79.8574714745546,79.4925730185291,3,4,3,3,3,3,Intermediate_Path
L0064,Elementary,3.7,5,53.440539215634665,46.44326471726037,67.88433622503389,60.72483330848759,71.06940182263186,40.36215628621892,2,2,3,2,2,3,Elementary_Path
L0065,Elementary,1.7,2,53.48341739246127,17.966519528926426,48.65725283182687,32.39829174870056,58.88446930358555,58.35104617268624,2,0,2,2,1,2,Beginner_Path
L0066,Elementary,1.0,6,41.021699335743705,48.3935581275622,66.28847487549389,69.17324144370954,49.113938936513904,54.38611078625493,2,2,3,2,2,2,Elementary_Path
L0067,Beginner,1.2,1,35.12294627051256,31.51842603182687,42.663930390171345,33.88739569516517,40.031979906152884,40.04093831943942,1,1,1,2,1,1,Beginner_Path
L0068,Upper-Intermediate,2.3,3,85.74333004770244,69.25073443881553,82.01999010757321,74.45616996826891,69.75140539675566,71.53649129296619,4,3,3,3,3,3,Intermediate_Path
L0069,Beginner,1.6,7,44.96400117733941,31.313806342143003,40.050354491092996,19.0796642751433,30.50004296480305,38.19120841868541,2,1,1,1,1,1,Beginner_Path
L0070,Advanced,0.5,7,100.0,93.07046416606687,84.8400456883197,87.37863933530691,84.47249212933679,96.87051150666382,5,4,4,4,4,4,Advanced_Path
L0071,Intermediate,2.1,2,71.80128173741528,66.19687778553381,47.552396123946984,60.28482177718192,52.278510362880574,67.23579659759274,3,3,2,2,3,2,Elementary_Path
L0072,Beginner,1.0,2,51.44293068559939,37.830531622586534,34.446758414075404,37.13837895900505,46.533683837958854,48.34946728383643,2,1,1,2,2,2,Beginner_Path
L0073,Beginner,2.8,6,26.12131449544198,31.606888128618408,41.760911467840785,32.36918922947626,29.28805142131014,35.41326831877003,1,1,1,1,1,1,Beginner_Path
L0074,Upper-Intermediate,2.3,1,82.63860351633423,69.5866279519083,82.11879178828885,63.53435481472185,88.33210561380044,75.54967164998612,4,3,3,4,3,3,Intermediate_Path
L0075,Intermediate,1.2,4,59.46893198303089,55.195996165776286,75.10379313283264,69.30526619537311,67.5204638361883,68.43546506622052,2,2,3,3,2,3,Intermediate_Path
L0076,Intermediate,2.4,2,54.490181964617506,46.975699601351636,60.54242540203151,58.3080713499795,60.20501729367668,48.76283965083607,2,2,2,2,2,2,Elementary_Path
L0077,Intermediate,1.5,4,61.680153405325285,60.789286485712346,56.18039235732826,73.40752376516772,60.00318611465068,51.81583146281696,3,3,3,2,3,3,Elementary_Path
L0078,Beginner,2.1,4,49.45211534611484,39.60042323860466,30.572852139972873,32.73517645205077,34.42718690385446,35.16036663013478,2,1,1,1,2,1,Beginner_Path
L0079,Elementary,1.8,5,55.008315910042114,60.404412397766734,59.800636179041035,43.65205306627783,52.70084411347764,53.995987379794066,2,3,2,2,2,2,Elementary_Path
L0080,Beginner,0.9,1,31.2152619865794,47.55349780288475,58.83194515329343,46.15594244596163,50.88092463208589,44.151721507186224,1,2,2,2,1,2,Beginner_Path
L0081,Upper-Intermediate,1.0,7,82.4245891359262,63.1432508240987,92.66330267956289,56.77025037996436,67.96843537744186,67.69135888802064,4,3,3,3,3,3,Intermediate_Path
L0082,Intermediate,2.2,7,53.62412457924036,63.20298374508965,72.09932748147237,45.86536639847077,44.666079110812696,39.9139054562029,2,3,2,2,2,2,Elementary_Path
L0083,Elementary,1.3,4,52.16683118964286,35.49046616905528,61.38543317267599,58.97484971353164,57.03218254856744,47.46183944295967,2,1,3,2,2,2,Elementary_Path
L0084,Beginner,1.2,7,36.96649932522866,41.9593210094085,61.97623779709341,26.280660707768053,43.243659742438005,25.816838626715988,1,2,2,1,1,1,Beginner_Path
L0085,Elementary,0.8,1,47.811337482643744,39.83385801239892,58.32081461416811,29.80948984697452,38.798011985588204,30.100637953597776,2,1,2,1,2,1,Beginner_Path
L0086,Elementary,1.8,5,57.662429750405096,34.76746776624415,61.461296760241716,66.68527188073091,42.66608629085882,32.36128439266284,2,1,3,1,2,2,Beginner_Path
L0087,Intermediate,2.9,1,49.598062801841024,57.800453426974045,61.79216138148001,44.06182352125795,51.40895725949859,58.263810078455606,2,2,2,2,2,2,Elementary_Path
L0088,Intermediate,0.8,2,79.45195074276933,28.25432871845859,51.37956629145243,59.8411939832817,52.75467730965751,68.61037360932806,3,1,2,3,2,2,Elementary_Path
L0089,Upper-Intermediate,1.5,4,56.78913930705504,52.490244255947715,73.16151099500424,73.69085192724272,71.76317245958812,70.38894516236243,2,2,3,3,2,3,Intermediate_Path
L0090,Elementary,2.5,1,44.02332316745143,43.22508116225717,54.90840961465345,19.893716833819163,47.33452695719253,47.11380654645965,2,2,1,2,2,2,Beginner_Path
L0091,Beginner,1.4,7,43.70211889941741,35.824417666348424,45.60785372501303,35.326829768321915,33.492063449315395,46.82894938877925,2,1,2,2,1,2,Beginner_Path
L0092,Intermediate,1.8,3,65.8431416643531,51.30681229841811,84.26285854855394,62.4841324947911,52.41836180500072,39.555450909164456,3,2,3,2,2,2,Elementary_Path
L0093,Intermediate,0.8,1,58.99524279428295,39.20563701282401,65.81277167591068,61.543093815188605,57.712156560806186,60.201764216002715,2,1,3,2,2,3,Elementary_Path
L0094,Intermediate,1.8,4,59.42609296998457,46.821081578614944,76.78843444025644,67.03520683803501,61.676915348595614,54.884102156811785,2,2,3,2,2,3,Elementary_Path
L0095,Intermediate,1.4,5,64.10550085327617,58.91209327237394,60.64922758423684,54.12508685094566,56.837034636351554,60.66057458832067,3,2,2,2,3,2,Elementary_Path
L0096,Elementary,2.2,7,47.6893052254232,50.81781770628363,51.88324114234766,55.125044420921604,61.58667023341302,40.16516091596184,2,2,2,2,2,2,Elementary_Path
L0097,Elementary,2.3,5,63.93181257934906,44.83776882404059,41.70992362776552,41.10670931919928,55.08087714420786,36.820627095735176,3,2,2,2,2,2,Beginner_Path
L0098,Elementary,3.3,4,58.39349114231602,56.56833781036989,47.57671987123428,33.89532583587225,34.09154143141304,46.405089042856055,2,2,2,2,2,2,Beginner_Path
L0099,Beginner,1.9,7,48.728243510056345,38.97397023459234,50.269813913637535,25.022716243187674,45.23727765413854,51.49191323334462,2,1,1,2,2,2,Beginner_Path
L0100,Beginner,1.7,2,30.33843276629583,27.525443460417875,45.07560180394133,23.378895448045853,46.05543982585583,43.609101045414626,1,1,1,2,1,1,Beginner_Path
L0101,Beginner,1.6,7,39.206115755942974,32.194979465883826,54.42938619897234,48.095859678911935,35.652650318758084,29.923072298199084,1,1,2,1,1,2,Beginner_Path
L0102,Intermediate,1.3,2,56.995340512792964,40.97133842792145,66.81253948345051,42.85426490941443,45.04802412696844,41.590279640187205,2,2,2,2,2,2,Beginner_Path
L0103,Elementary,1.7,5,39.94398624310534,43.918610096085835,51.47546268362258,50.74038840649303,50.08066759411136,28.179327163022144,1,2,2,1,2,2,Beginner_Path
L0104,Elementary,1.3,5,53.60164183945767,56.121006192213386,76.48296863786959,45.34075805927567,49.92291348517756,58.160994518504815,2,2,3,2,2,2,Elementary_Path
L0105,Upper-Intermediate,1.6,4,69.62354242220184,76.85290084710968,79.06096431286953,71.97351426549369,63.78353763466805,60.44917711864173,3,3,3,3,3,3,Intermediate_Path
L0106,Beginner,2.4,2,46.55403829850237,49.02009325919122,56.63000969705304,51.636072951996994,25.487807837400645,31.744865870050635,2,2,2,1,2,2,Beginner_Path
L0107,Elementary,0.8,5,39.29808437105668,41.97114756201007,50.98790793455322,43.61572632784727,49.124464535465606,58.212111260775764,1,2,2,2,2,2,Beginner_Path
L0108,Intermediate,2.3,2,77.1904061284182,68.46099794514258,72.09599479383567,64.11601561549683,57.66922807949178,38.86098544521008,3,3,3,2,3,2,Elementary_Path
L0109,Beginner,2.4,5,31.03667341407938,33.066957735520305,54.28015659151687,38.37563351381112,35.82734634677607,49.92264509475059,1,1,2,2,1,2,Beginner_Path
L0110,Beginner,1.4,7,42.19302337200436,49.715850825698936,47.08491970575581,36.47981094367302,39.16589265253439,32.46359546107498,2,2,2,1,2,1,Beginner_Path
L0111,Elementary,0.5,1,57.918593103880674,44.781432525578765,31.455170773033977,70.99969124386473,38.97223626179681,33.514166847612614,2,2,2,1,2,2,Beginner_Path
L0112,Beginner,1.1,3,34.293595697998875,42.072313738042766,45.18252460856113,23.5865825428463,35.65179387133886,32.526490728510865,1,2,1,1,1,1,Beginner_Path
L0113,Upper-Intermediate,2.4,7,83.52468643432951,84.75112364309855,92.30460047759975,85.89131835437445,80.33325030614347,62.77403218598522,4,4,4,3,4,4,UpperIntermediate_Path
L0114,Upper-Intermediate,1.5,6,62.70816402199584,68.06572371418794,85.27480833027731,79.56406565489972,71.5002991964871,74.40819798905716,3,3,4,3,3,3,Intermediate_Path
L0115,Intermediate,0.8,1,74.5211769918256,57.18388987544174,69.45838875229246,53.20475005368216,43.280275282074484,48.518675661122224,3,2,3,2,3,2,Elementary_Path
L0116,Upper-Intermediate,1.1,6,75.14149264965758,82.88863425206303,62.77743066042481,89.29318517441612,70.27307722276429,50.88357789080957,3,4,3,3,3,3,Intermediate_Path
L0117,Upper-Intermediate,2.1,5,69.0358859203112,68.66996836069936,72.7954492932494,54.51889887611463,64.2984153649314,67.7943746559101,3,3,3,3,3,3,Intermediate_Path
L0118,Beginner,1.9,3,37.00818227572566,21.791077174938387,49.11357631151439,32.782333427009284,42.67136296461731,21.43454947713461,1,1,2,1,1,1,Beginner_Path
L0119,Upper-Intermediate,1.3,3,83.08919269392719,91.4300705458491,84.10383276786892,60.91517795730924,78.18837403380425,72.0431988398832,4,4,3,3,4,3,Intermediate_Path
L0120,Elementary,1.2,5,44.155447081495616,40.30235535662863,67.14666780132903,52.1208346487146,33.412253749139694,33.12869667716676,2,2,2,1,2,2,Beginner_Path
L0121,Upper-Intermediate,1.2,5,67.50642310577223,71.58756050937542,78.55133244853906,61.869358988128226,82.5901297058219,65.11987196827914,3,3,3,3,3,3,Intermediate_Path
L0122,Upper-Intermediate,0.9,2,72.78463402416261,81.56006669451128,84.05824086673815,77.33063946741319,63.87813698721442,71.82587804214336,3,4,4,3,3,3,Intermediate_Path
L0123,Elementary,2.6,5,38.23037887230032,38.91506096268798,55.16374241931294,46.13563584178446,65.59182290482352,42.87541274965731,1,1,2,2,1,2,Beginner_Path
L0124,Beginner,1.3,4,58.205439079418156,24.921320867778697,35.13057263498443,33.20646057343916,39.51223735499383,37.504302830010445,2,1,1,1,2,1,Beginner_Path
L0125,Beginner,2.4,5,34.336054087852766,37.53737296774833,22.442086689052523,41.8864724603331,27.536065014608376,41.80287165717757,1,1,1,1,1,1,Beginner_Path
L0126,Elementary,2.6,4,58.31616786180403,27.069236020876104,59.31009692130077,45.31378376061936,38.58013929307319,33.420663002686936,2,1,2,1,2,2,Beginner_Path
L0127,Upper-Intermediate,2.2,5,77.09470083647773,67.1209392313208,81.73947208412811,62.11365156940961,78.48095291787345,69.35602459375292,3,3,3,3,3,3,Intermediate_Path
L0128,Upper-Intermediate,1.2,2,65.15465949518031,72.45038664315406,73.8182495789983,100.0,71.08700110101623,36.70496202491871,3,3,4,2,3,3,Intermediate_Path
L0129,Beginner,1.8,4,39.940452907872704,32.30048103174836,28.80826943484135,33.12832816970855,39.03346090381859,37.47333301682524,1,1,1,1,1,1,Beginner_Path
L0130,Elementary,1.5,1,57.84002779310748,29.56549056814253,61.29739514408738,25.823909198479853,66.1278023269704,41.991858696251576,2,1,2,2,2,2,Beginner_Path
L0131,Elementary,0.9,4,48.11738664913693,60.941779562040125,52.34079925804448,39.579013102786114,43.00755935770925,35.16550236522029,2,3,2,1,2,2,Beginner_Path
L0132,Beginner,1.7,7,51.93112945851028,36.03538153949175,50.568747223681456,25.327233116272698,40.599628576957066,38.15719422296524,2,1,1,1,2,1,Beginner_Path
L0133,Beginner,0.7,2,50.21515392781864,49.31152117761741,63.64048530411758,46.26145616040516,54.19844487373053,46.726975771850675,2,2,2,2,2,2,Elementary_Path
L0134,Elementary,2.3,6,59.1891485465833,42.39963749819555,33.585691196802955,51.21652659591586,52.705134754664,40.23982252401057,2,2,2,2,2,2,Beginner_Path
L0135,Upper-Intermediate,1.2,4,70.40343227727003,61.19988018309236,73.00399191297636,76.98712801790344,58.933972646419946,60.5518550975828,3,3,3,2,3,3,Intermediate_Path
L0136,Elementary,1.6,7,39.20157552218513,47.691809202551596,52.90624386688087,44.29977534162756,55.053890117321366,46.650252624387115,1,2,2,2,2,2,Beginner_Path
L0137,Elementary,1.7,7,43.864123946372054,42.842128736717804,69.5482617414665,45.206497529430784,38.36997142216556,31.643933333536395,2,2,2,1,2,2,Beginner_Path
L0138,Intermediate,1.3,7,61.962409406667206,43.22238542008642,48.635969807935155,54.290688963923316,74.06807528732965,48.39618629464461,3,2,2,3,2,2,Elementary_Path
L0139,Elementary,1.9,5,55.45786713532355,59.69784258787496,74.35861025680605,47.1880681586453,41.77132395002022,57.22402161650503,2,2,3,2,2,2,Elementary_Path
L0140,Advanced,1.2,7,68.28428595239552,78.77729777106003,96.3585590156629,96.35333435364835,100.0,85.62179229812287,3,3,4,4,3,4,UpperIntermediate_Path
L0141,Advanced,2.1,5,89.91886798388249,66.5973361520443,94.03999338266142,91.36075412505346,100.0,66.20533036053834,4,3,4,4,3,4,UpperIntermediate_Path
L0142,Elementary,0.6,6,51.580892253231845,58.28166053957332,53.01940236781093,53.00112829620867,42.03387430372021,27.03008352720599,2,2,2,1,2,2,Beginner_Path
L0143,Elementary,1.6,2,47.224557436844485,39.957019841873766,50.63736967819971,52.995589082492025,50.20013805001611,46.62085692646775,2,1,2,2,2,2,Beginner_Path
L0144,Elementary,2.9,3,62.91273839015879,38.921761073843754,65.48116759269155,56.844424373817375,57.536442816334635,53.62390575917688,3,1,3,2,2,2,Elementary_Path
L0145,Elementary,0.8,5,54.21780074250871,27.34612412970026,44.314792459175614,50.88150041540255,57.83660474226708,28.8237854137385,2,1,2,2,2,2,Beginner_Path
L0146,Beginner,1.0,7,53.10191908080897,52.40941486596991,48.454141816438536,41.588480726789186,44.42336259976197,39.49712607496508,2,2,2,2,2,2,Beginner_Path
L0147,Intermediate,1.9,7,57.84039479649768,42.105194127903125,61.15818334293024,69.88806241193157,72.5215903696611,68.30343507489718,2,2,3,3,2,3,Elementary_Path
L0148,Elementary,1.6,1,59.37477492506925,45.5844948070565,47.37866551485902,41.34954081996888,48.77031053365631,63.878589879586386,2,2,2,2,2,2,Elementary_Path
L0149,Beginner,1.7,7,56.350663945275194,44.1262032254044,70.85975175683896,29.442574200484927,36.33282331423967,38.31222759859876,2,2,2,1,2,2,Beginner_Path
L0150,Elementary,1.8,2,63.116934492726614,49.21716933003097,59.1905073475346,36.14078400813144,46.531360120753895,50.068025945524745,3,2,2,2,2,2,Elementary_Path
L0151,Upper-Intermediate,1.9,4,64.07858406571268,69.40345688007808,86.13265544661144,74.82914563620255,83.58373231972128,48.668155723718556,3,3,4,3,3,3,Intermediate_Path
L0152,Beginner,2.3,4,37.46323922457619,17.98334141712584,56.37776780668662,19.462677587808766,43.65181040302646,55.99752547995989,1,0,1,2,1,2,Beginner_Path
L0153,Beginner,1.8,7,36.54835294550204,26.90275164232716,30.78650054681453,42.621540960596775,42.91283665690256,29.245097869038787,1,1,1,1,1,1,Beginner_Path
L0154,Elementary,1.3,1,54.89254535076328,46.87800338042522,72.52291909122032,46.90806905499447,57.952342492571816,35.665288415749586,2,2,2,2,2,2,Elementary_Path
L0155,Advanced,2.0,5,96.86353555014533,77.12825930013004,69.91042821504925,99.34639699821057,69.48947592146145,82.44793865560375,4,3,4,3,4,4,UpperIntermediate_Path
L0156,Beginner,2.8,2,31.61107325974264,37.03359459998768,37.312335899614794,31.280826895350096,43.1006882387515,50.11673414185431,1,1,1,2,1,2,Beginner_Path
L0157,Intermediate,1.4,1,60.67838513916938,61.817434088151415,60.409683268211,55.96681714582493,62.18568888873716,77.08046047543547,3,3,2,3,3,3,Elementary_Path
L0158,Intermediate,0.8,5,39.800726678438636,64.62502885800102,70.81723364970506,69.22203333293369,76.68808081300705,56.25408679475844,1,3,3,3,2,3,Elementary_Path
L0159,Beginner,2.3,2,54.419450058018896,22.738206421873166,47.18718266141488,51.831356467781525,24.71412017736333,44.98084172603655,2,1,2,1,1,2,Beginner_Path
L0160,Intermediate,1.4,7,54.87625759323306,76.96646054978955,63.331852593016066,51.1984763424818,75.57186632376758,55.43204048685504,2,3,2,3,3,3,Elementary_Path
L0161,Elementary,0.5,4,50.55863939844497,52.674793445541304,54.880026553722765,49.8178123258716,50.75409128924666,34.62204526981816,2,2,2,2,2,2,Beginner_Path
L0162,Intermediate,2.1,2,56.90350286011939,54.98285846330936,55.21976976477432,60.94418977684048,64.88989530660045,69.76743670788291,2,2,2,3,2,3,Elementary_Path
L0163,Intermediate,1.1,7,71.46027575013414,65.89536583076641,50.02767605515827,61.73653405621148,76.75918787609376,48.77872519643611,3,3,2,3,3,2,Elementary_Path
L0164,Elementary,1.4,6,21.62493558602621,68.65407771999973,62.2651162233606,45.37424340684378,55.60761268005573,60.355307733718824,1,3,2,2,2,2,Elementary_Path
L0165,Beginner,1.7,3,39.83389657674091,20.612798989431305,51.93706112536185,50.81383398123635,44.00368289462561,47.98541329769084,1,1,2,2,1,2,Beginner_Path
L0166,Upper-Intermediate,1.6,2,73.94181242502302,67.74737357508647,95.84494375157058,54.102965163784546,77.42291185802318,76.14036263957207,3,3,3,3,3,3,Intermediate_Path
L0167,Elementary,2.0,3,45.46363612408317,21.215683401266716,47.09982903184792,43.78869765198916,45.16521865005623,63.28974756254353,2,1,2,2,1,2,Beginner_Path
L0168,Beginner,1.2,2,57.262265456356324,36.92651532648025,51.928152103009225,42.47930732772947,39.71510875489607,57.32346033185738,2,1,2,2,2,2,Beginner_Path
L0169,Beginner,1.9,3,31.126705411442288,38.65394241925141,42.162932716352685,42.57224811949344,32.84487233877251,33.247566370356886,1,1,2,1,1,1,Beginner_Path
L0170,Intermediate,1.3,6,67.71796177235662,54.6083788455724,76.90474985193482,71.52759030614763,59.55433100574518,46.912058815835685,3,2,3,2,3,3,Elementary_Path
L0171,Intermediate,2.0,4,63.56252788706084,48.4546642900169,75.21962776678141,69.98225393201287,36.64069302944903,36.35730162743528,3,2,3,1,2,2,Elementary_Path
L0172,Beginner,1.9,5,52.615192525355155,14.50485483811675,47.11209399224457,35.144583746927765,44.290395675675484,57.44682255430256,2,0,2,2,1,2,Beginner_Path
L0173,Elementary,0.8,3,43.32810915222495,48.73533683411769,51.60469843334013,60.99871243530605,48.782627462163745,40.603179910815506,2,2,2,2,2,2,Beginner_Path
L0174,Beginner,2.3,6,32.67031100876241,49.55434483915325,54.60932178608262,30.85958256222545,36.63796263333236,46.3503685710174,1,2,2,2,2,2,Beginner_Path
L0175,Intermediate,1.1,3,70.96069907477398,49.08981544266568,71.46904523256566,67.30887382791838,62.19758083940143,47.587446324905166,3,2,3,2,3,3,Elementary_Path
L0176,Beginner,2.1,4,44.253213083301105,39.40059929023145,38.15559597913818,56.10522478420993,25.664360770345596,50.38265640912035,2,1,2,1,2,2,Beginner_Path
L0177,Intermediate,1.8,3,44.55062653323242,39.31855686579949,51.72201326520569,70.14944106854969,79.29269996621282,47.99882408184587,2,1,3,3,2,3,Elementary_Path
L0178,Elementary,2.8,6,44.6069498553673,49.57213063692514,52.11467099318204,49.057703835241234,48.972325385124,33.08280866382657,2,2,2,2,2,2,Beginner_Path
L0179,Upper-Intermediate,1.3,7,78.86382653848061,66.06617702255343,95.1541381534821,69.68221228227878,73.5415556702781,67.9149356904625,3,3,4,3,3,3,Intermediate_Path
L0180,Beginner,1.3,6,48.37764221546589,27.375820493970856,56.46487158733038,22.71408703740714,30.346037898670776,29.682242990383628,2,1,1,1,1,1,Beginner_Path
L0181,Elementary,1.5,1,43.207693468070445,37.39636358783869,43.876725303294194,51.10539637914204,50.23946382449261,50.96299785461213,2,1,2,2,2,2,Beginner_Path
L0182,Beginner,1.3,4,10.85744010183059,31.063884179669902,33.32242584100079,26.84782772029081,53.869598902732804,34.486050728074765,0,1,1,2,1,1,Beginner_Path
L0183,Upper-Intermediate,2.1,7,80.23223185737034,73.82433315692535,92.74683849679487,65.06865336386063,85.35916209432034,76.27702394551922,4,3,3,4,3,3,Intermediate_Path
L0184,Upper-Intermediate,0.5,1,62.796793100560244,56.87836798804482,68.6436409524217,61.092541992633286,83.54437751140556,67.08978526914706,3,2,3,3,2,3,Intermediate_Path
L0185,Elementary,0.8,4,29.826612018775887,41.02884668432147,60.09295323642008,43.39607667343345,55.46398951667272,38.34892628981195,1,2,2,2,1,2,Beginner_Path
L0186,Intermediate,0.8,7,31.676740750158594,54.58528222000852,58.839287846636765,57.72030585513018,56.4145747243739,49.16439452103926,1,2,2,2,2,2,Elementary_Path
L0187,Upper-Intermediate,2.2,3,83.1398086019774,59.00960775468141,96.17044924521683,75.73614581165705,60.49836832963298,90.44938798031026,4,2,4,3,3,4,Intermediate_Path
L0188,Intermediate,2.7,7,61.28617450404967,72.96665201675017,57.295752008621214,51.994933645860364,57.98961228133365,57.251709322269356,3,3,2,2,3,2,Elementary_Path
L0189,Elementary,1.4,6,47.74343619287748,36.46504519938658,66.43361530205829,58.69283706395183,47.641285354663225,25.162377905469555,2,1,3,1,2,2,Beginner_Path
L0190,Beginner,1.4,1,53.89024362962762,28.305630863665094,46.84858654060365,35.91794742010034,50.48794439671241,29.79790986545919,2,1,2,2,2,2,Beginner_Path
L0191,Beginner,1.5,3,46.37324683023073,25.21692050177502,47.52194854234287,30.122775667344808,43.0939044245982,35.96866032475876,2,1,1,1,1,1,Beginner_Path
L0192,Upper-Intermediate,2.3,6,91.16300042721917,87.98480087138117,60.29691418648599,75.26292267243437,91.12311527903549,88.45399681250379,4,4,3,4,4,3,UpperIntermediate_Path
L0193,Upper-Intermediate,0.9,4,61.072645278330036,75.52905228599482,57.97086646794281,92.63552833543815,86.97488540038174,80.286987158899,3,3,3,4,3,3,Intermediate_Path
L0194,Intermediate,1.7,7,59.65449376046036,45.63407993756358,62.79434059732686,61.35160566535118,55.435043904959045,45.78282163518085,2,2,3,2,2,2,Elementary_Path
L0195,Elementary,2.2,6,33.83286625051986,56.06231558859969,57.46906063416612,44.37144372626393,32.04870803380132,69.1835575357245,1,2,2,2,2,2,Beginner_Path
L0196,Elementary,1.9,3,47.70617668144533,47.00698694288878,43.74802172262277,32.72538643881296,63.855752339414806,44.688396351985226,2,2,1,2,2,2,Beginner_Path
L0197,Intermediate,1.6,1,57.513841462333225,57.57253421111502,54.11306589523658,55.8058767902793,73.59385223230744,67.46329811074945,2,2,2,3,2,3,Elementary_Path
L0198,Upper-Intermediate,2.2,1,81.26613637263071,66.55522791247547,85.61472629826133,75.34928125088116,61.33788409097774,58.44991502600097,4,3,4,2,3,3,Intermediate_Path
L0199,Upper-Intermediate,0.5,7,75.45563881141898,62.505840130430265,85.6285448045713,69.1241910874443,90.092400198275,46.01836904749102,3,3,3,3,3,3,Intermediate_Path
L0200,Intermediate,2.0,6,66.23407138279916,58.37766099054601,63.62258939612073,41.346153617590005,63.82117170592518,40.915685096316395,3,2,2,2,3,2,Elementary_Path
L0201,Intermediate,1.0,3,67.03440133138895,49.549127700044096,72.80201721186074,49.49434610496566,61.60685498125653,22.496665238042944,3,2,3,2,2,2,Elementary_Path
L0202,Beginner,0.5,2,61.54928677383142,53.16755629575105,33.25797704279854,52.545384608877576,56.147832542473274,56.12089327252909,3,2,2,2,2,2,Elementary_Path
L0203,Beginner,1.9,4,36.847033447138756,22.307088947568957,41.44065082913029,52.34001003730461,53.44685173230615,37.14532918886416,1,1,2,2,1,2,Beginner_Path
L0204,Upper-Intermediate,2.5,4,65.58977299333621,85.36156772854946,96.47877605783674,64.13360830795402,81.51330951995203,60.75355981551969,3,4,4,3,3,3,Intermediate_Path
L0205,Intermediate,1.4,3,62.46083615316409,53.88681151202199,65.68322129939817,64.72756787199422,64.73217065811983,59.52624029980121,3,2,3,3,2,3,Elementary_Path
L0206,Beginner,2.2,2,31.977199728604567,37.99085734021106,46.26312514586999,26.214272152298264,46.16394290530359,36.893340361801656,1,1,1,2,1,1,Beginner_Path
L0207,Beginner,2.6,1,54.81960768436536,43.33157766629435,68.0594658596774,52.04316281994952,35.99942566117474,41.209333956139915,2,2,3,1,2,2,Beginner_Path
L0208,Intermediate,2.4,7,57.167819610547674,48.69750704995564,51.006578341512295,60.452358478942365,59.44898550267679,67.09531401136269,2,2,2,3,2,2,Elementary_Path
L0209,Beginner,2.6,5,34.3442363212601,43.642483846986366,52.9643036664211,47.496414986165334,30.976828454054573,32.100788469749844,1,2,2,1,1,2,Beginner_Path
L0210,Beginner,2.0,5,35.28684278848882,7.924561446188228,61.639862798081,20.84906652817461,36.669602242610814,26.201606938990132,1,0,2,1,1,1,Beginner_Path
L0211,Elementary,1.6,7,57.18417423471641,37.80010466778061,51.75142073501454,54.776371019248884,46.33366121331067,53.27775214371918,2,1,2,2,2,2,Elementary_Path
L0212,Intermediate,0.5,3,58.422530167685146,45.759371926589345,73.59630786854846,57.92325936315496,53.64694630378335,63.02332777884466,2,2,3,2,2,3,Elementary_Path
L0213,Intermediate,1.3,2,53.58333179869618,42.464939876282386,55.17980502789095,66.51929070790843,61.36746502648463,56.00735808121345,2,2,3,2,2,2,Elementary_Path
L0214,Beginner,0.9,2,56.65351917623531,32.85045161921049,38.13267604432649,47.1486779809785,36.76019149299423,56.77554188680773,2,1,2,2,2,2,Beginner_Path
L0215,Intermediate,3.0,4,51.4383015933825,58.85749968181695,68.84966416047634,58.65784689474749,65.02234720351974,50.621778771383475,2,2,3,2,2,3,Elementary_Path
L0216,Beginner,1.4,1,40.35566074032994,42.026599984993055,52.9856667311059,31.991703609040854,23.776793867062345,26.001420283647317,2,2,2,1,2,1,Beginner_Path
L0217,Elementary,1.6,6,56.5230615161023,47.40876757200407,66.20936512406246,55.796961821794945,48.866452058927,49.180914275066016,2,2,3,2,2,2,Elementary_Path
L0218,Intermediate,1.9,2,43.686648895829265,48.34306535106453,80.69628586939493,57.398455005948726,61.31551640177496,48.25062143086502,2,2,3,2,2,3,Elementary_Path
L0219,Intermediate,1.5,7,64.80260501405925,58.69016437825167,64.32553441444819,49.27215046472357,56.89370760163119,59.95516524144896,3,2,2,2,3,2,Elementary_Path
L0220,Upper-Intermediate,2.7,6,64.4489232451955,71.2428569485085,91.93611755172589,63.798477685423144,73.27607300190769,61.6699174416056,3,3,3,3,3,3,Intermediate_Path
L0221,Intermediate,1.1,5,68.22782780834002,64.36056167936016,61.57695156550851,43.22835583687618,44.147539892701424,50.99757717068115,3,3,2,2,3,2,Elementary_Path
L0222,Intermediate,1.6,6,50.37348988081024,62.76936702931516,74.02091311588268,52.89708840436937,63.56477104669492,73.90840420039166,2,3,3,3,2,3,Elementary_Path
L0223,Beginner,1.0,1,46.92769031848861,35.30476413920629,47.074887978521815,49.02692046074378,46.4760598256707,30.944126432523213,2,1,2,1,2,2,Beginner_Path
L0224,Elementary,0.6,7,61.05833066294713,36.02746993838743,59.45677907081924,49.778297997054345,54.93537294203767,37.01148455982704,3,1,2,2,2,2,Beginner_Path
L0225,Elementary,1.1,1,58.61436525632805,38.47049844167919,59.235078740220374,42.70232294076959,60.38727059442183,56.706787887065005,2,1,2,2,2,2,Elementary_Path
L0226,Beginner,1.5,6,42.513166482381024,29.502106403619667,28.952949902021878,46.0485593818008,42.01529605782502,24.489580497133062,2,1,1,1,1,1,Beginner_Path
L0227,Advanced,1.2,3,87.686990570703,81.84733666083744,83.75878141139226,79.67523378276611,94.78681180650938,78.07056769852932,4,4,4,4,4,4,UpperIntermediate_Path
L0228,Elementary,1.0,2,44.23580423665156,47.68050427589753,56.02541439817522,48.95350274332779,51.56090738456852,50.76561120508995,2,2,2,2,2,2,Beginner_Path
L0229,Upper-Intermediate,0.5,7,89.71034690817103,77.15174390128058,63.127209203588315,71.20369627274485,81.87550719592494,79.38411423873292,4,3,3,4,4,3,Intermediate_Path
L0230,Intermediate,1.4,3,53.00504779832357,54.48881306984622,73.31211103199756,65.79130625588353,44.227703638678776,67.20476391081074,2,2,3,2,2,3,Elementary_Path
L0231,Intermediate,0.5,6,49.62933926430004,55.161247879004726,73.71555966288142,42.22771629080499,51.06419032021989,47.527781677795154,2,2,2,2,2,2,Elementary_Path
L0232,Elementary,2.0,2,56.6536893503283,46.43306305000004,58.2717055287779,39.498022541853445,65.8689965703309,50.9600867298612,2,2,2,2,2,2,Elementary_Path
L0233,Intermediate,1.6,4,52.03863196813505,49.840946868676596,53.78865987242078,41.61754340905466,35.395641779037945,50.3389180045582,2,2,2,2,2,2,Beginner_Path
L0234,Elementary,0.5,3,40.499365025338726,35.74607742357044,68.80138938868515,45.4040327819073,48.59822070174656,38.94344366489368,2,1,2,2,1,2,Beginner_Path
L0235,Beginner,1.3,3,25.56395737830235,17.4456210268929,65.37210639718359,50.1142750363243,51.72274959608068,47.03212782292285,1,0,2,2,1,2,Beginner_Path
L0236,Intermediate,1.0,6,55.170901605394825,48.04850641923127,66.47076827445974,52.94552790346473,59.06739334458236,49.50445604140414,2,2,2,2,2,2,Elementary_Path
L0237,Elementary,1.7,5,49.17284976103507,49.73145453267787,60.10535378451236,42.893160618043495,45.94988928549303,47.7820459602098,2,2,2,2,2,2,Beginner_Path
L0238,Beginner,2.4,6,42.43091727660699,27.970885619604324,47.01738654796044,46.717244241841364,41.29421676815301,36.555794692306385,2,1,2,1,1,2,Beginner_Path
L0239,Intermediate,0.5,3,69.51306244299484,52.621929625740606,70.30369188998799,68.685495584553,56.46879819997553,44.292456236614974,3,2,3,2,3,2,Elementary_Path
L0240,Beginner,1.6,2,45.268979236657934,39.66431287412317,43.80441243373604,37.1142893273121,40.30849492756939,44.66092855356321,2,1,2,2,2,2,Beginner_Path
L0241,Upper-Intermediate,1.4,5,73.0912778044682,75.20689496422669,79.65435760156197,79.84714854049892,68.1661896347987,75.60280893678954,3,3,3,3,3,3,Intermediate_Path
L0242,Advanced,2.0,6,88.0180432362028,74.2046714783396,100.0,77.23045459122054,100.0,65.13709388129578,4,3,4,4,4,4,UpperIntermediate_Path
L0243,Upper-Intermediate,1.6,7,80.10157468915183,79.97059356453641,100.0,86.77974333925414,89.2326492106566,72.77421111237344,4,3,4,4,4,4,UpperIntermediate_Path
L0244,Elementary,1.0,6,62.725701629285695,56.27350089355485,40.99928765598261,69.48706293937052,48.66609677888378,37.27026565833379,3,2,2,2,2,2,Elementary_Path
L0245,Beginner,1.3,3,41.263141994832004,23.701501427814403,43.96187515597033,43.212157911887246,26.13510579308757,45.97075306412628,2,1,2,1,1,1,Beginner_Path
L0246,Upper-Intermediate,0.9,3,70.3086914578959,61.76163130358846,68.19539514767918,52.156683786571996,69.76156829686605,55.546001632192414,3,3,3,3,3,3,Elementary_Path
L0247,Elementary,2.3,4,40.07133998914455,56.910906831461915,70.92024898576084,42.417697376022154,48.16011339897036,41.43523031370456,2,2,2,2,2,2,Beginner_Path
L0248,Advanced,1.5,6,75.54794735587774,83.53146478744699,89.12262030680101,94.12825321669321,95.05538876903208,88.62024550988465,3,4,4,4,3,4,UpperIntermediate_Path
L0249,Advanced,2.8,3,96.66269672043524,62.80222052548149,80.56799206214205,83.78517002833637,79.91986776829322,85.54340294141875,4,3,4,4,3,4,UpperIntermediate_Path
L0250,Upper-Intermediate,1.5,7,80.77978523639557,56.00318495267314,86.38186998848573,85.72198554250097,67.30837681357849,77.62958256713972,4,2,4,3,3,3,Intermediate_Path
L0251,Elementary,1.0,1,55.773635251066615,42.50630374827519,72.44311114743111,53.881572644358656,55.106761378588075,29.81578013990711,2,2,3,2,2,2,Elementary_Path
L0252,Elementary,0.5,5,48.71340553647944,33.36957349715398,61.635978685607625,40.935244992342035,59.38908832039558,61.51914336867378,2,1,2,3,2,2,Elementary_Path
L0253,Upper-Intermediate,0.5,1,89.0693474589175,65.86576229363558,82.04797877281918,73.32264810771252,68.78405954829316,75.25144658788271,4,3,3,3,3,3,Intermediate_Path
L0254,Elementary,0.5,5,45.15881505415182,45.32396213683579,59.09140922775994,39.0616677936091,36.66782946049004,58.59718213000896,2,2,2,2,2,2,Beginner_Path
L0255,Beginner,1.7,7,49.55269237207206,49.62254604034729,59.14840662825554,36.17415121587558,72.84118201287885,43.742401692332415,2,2,2,2,2,2,Elementary_Path
L0256,Intermediate,1.9,6,59.61257105010457,52.09546083772211,56.258007299858505,52.45406759567448,67.83304237088714,54.883898855449566,2,2,2,3,2,2,Elementary_Path
L0257,Upper-Intermediate,0.5,4,68.91649235320662,80.72541799572758,78.88152895913687,84.74761800233038,72.32996238232968,57.158017890888395,3,4,4,3,3,3,Intermediate_Path
L0258,Intermediate,2.1,3,65.92530307317762,69.28760162036771,60.47309851490466,79.16012056830995,68.6903127553084,49.36446818751299,3,3,3,2,3,3,Intermediate_Path
L0259,Intermediate,1.2,3,64.09636118683994,69.34309669352076,53.3213469270829,43.688116667642475,58.75543370285578,70.89563332862578,3,3,2,3,3,2,Elementary_Path
L0260,Beginner,1.6,3,43.56972759266926,37.847545933855685,41.71624740583198,18.76783713790248,48.67156889100186,48.854377816563826,2,1,1,2,2,1,Beginner_Path
L0261,Intermediate,2.6,6,60.81278422056199,35.36710852161026,76.07721095982448,55.54827578148614,61.593931977762225,48.8040001989631,3,1,3,2,2,3,Elementary_Path
L0262,Advanced,2.1,5,89.62106918283169,89.60824865403865,100.0,72.81584301171317,90.91271898167574,56.816957137978214,4,4,4,3,4,4,UpperIntermediate_Path
L0263,Beginner,1.3,7,63.88371992870439,45.48399887813541,51.443105001082,38.46211603670917,38.864181317692115,32.87310265694881,3,2,2,1,2,2,Beginner_Path
L0264,Elementary,0.9,3,61.84256645196173,44.189328945645826,56.46475611653318,55.489361138059266,35.5261866653691,42.12297111870883,3,2,2,1,2,2,Beginner_Path
L0265,Upper-Intermediate,0.5,1,82.22826894985512,87.44583870075249,85.23323782728589,87.94141897266825,94.3809489939314,67.50227387959616,4,4,4,4,4,4,UpperIntermediate_Path
L0266,Intermediate,1.0,3,61.11799158203388,63.598335614674575,56.99409657651894,60.01394558715281,50.58466079732257,60.28539201831401,3,3,2,2,3,2,Elementary_Path
L0267,Intermediate,1.4,6,70.07157200596669,60.68273377152784,61.90490114072771,56.06844775150421,46.39976423689406,63.76212579321663,3,3,2,2,3,2,Elementary_Path
L0268,Intermediate,0.8,7,65.17994776391451,65.86380711205838,66.92004236968677,38.21615083426916,57.87140117243633,64.90299547099524,3,3,2,3,3,2,Elementary_Path
L0269,Elementary,1.4,4,50.26204752774036,48.333698512608784,57.775158588818904,48.26185149185798,40.385281864894935,49.45709140135367,2,2,2,2,2,2,Beginner_Path
L0270,Elementary,1.6,7,46.96435674734085,20.071895006046464,58.20187854921873,48.71287260549462,49.48287209439729,26.99229298077364,2,1,2,1,1,2,Beginner_Path
L0271,Upper-Intermediate,1.3,1,74.19082662337311,65.00861048529634,78.61664717983622,79.38956814212746,81.87763848561768,66.58800267306704,3,3,3,3,3,3,Intermediate_Path
L0272,Upper-Intermediate,1.0,3,43.29574264121945,81.97168027247854,76.22576598869671,65.9151189847091,84.95302900529222,93.0408978354919,2,4,3,4,3,4,Intermediate_Path
L0273,Upper-Intermediate,1.6,3,77.10600839297642,61.92408659901704,100.0,68.64947399764141,83.14730721621682,73.74216734802478,3,3,4,3,3,4,Intermediate_Path
L0274,Upper-Intermediate,1.8,2,70.1152391988964,67.76527494763062,89.067872729324,58.219977446958154,71.9436794521432,73.67819568443865,3,3,3,3,3,3,Intermediate_Path
L0275,Elementary,0.7,5,65.92669998282884,34.55163686096929,59.13147475952623,25.087071931159347,50.49591827661586,48.59485939773858,3,1,2,2,2,2,Beginner_Path
L0276,Elementary,2.5,1,50.19344070811754,62.839225952017685,52.66791501793606,36.91502909203217,54.07879050897491,49.1537962250599,2,3,2,2,2,2,Elementary_Path
L0277,Intermediate,1.4,2,48.110365804650385,71.81492457418015,60.48781173056123,42.29674185746983,42.42212576057928,31.168878189140766,2,3,2,1,2,2,Beginner_Path
L0278,Intermediate,1.5,7,59.501198458718825,46.16131104859271,63.691994062730444,61.36712295420611,65.70584700119859,52.604756830889315,2,2,3,2,2,3,Elementary_Path
L0279,Intermediate,2.0,4,49.538789149374956,56.47298000389084,67.92828843586683,52.818659433331426,45.42700712416168,54.621071682053106,2,2,3,2,2,2,Elementary_Path
L0280,Intermediate,1.7,5,64.73407415712467,48.19505952235952,46.195644559369185,52.61762869925211,80.4034659890649,67.81495399253413,3,2,2,3,2,3,Elementary_Path
L0281,Upper-Intermediate,2.2,1,77.90947364339485,76.14944639031378,64.30610404625317,63.15586953824788,70.95484915358304,70.47672894622296,3,3,3,3,3,3,Intermediate_Path
L0282,Elementary,1.7,3,59.57839631108268,50.09683077242329,48.631176110610426,15.674345674875667,48.15124822805409,28.53488613398059,2,2,1,1,2,1,Beginner_Path
L0283,Elementary,1.1,7,42.09118208305435,53.117055716132654,57.071394367785686,63.0831074874755,42.302929007621444,49.30089156171752,2,2,3,2,2,2,Elementary_Path
L0284,Beginner,1.8,1,40.34008096228147,38.31918447707887,42.607268528481484,27.997294772232117,33.700299681443106,26.961753517572546,2,1,1,1,1,1,Beginner_Path
L0285,Intermediate,0.7,3,46.34978204573365,84.35406206388468,79.78121226099483,53.87579930150093,82.7409356914324,42.83214358918582,2,4,3,3,3,3,Elementary_Path
L0286,Beginner,1.6,5,47.01494781924715,24.72076234989261,30.176032130042312,23.451078347106893,49.40369688623298,26.65840953283419,2,1,1,1,1,1,Beginner_Path
L0287,Elementary,1.5,3,55.18871180440122,27.893966455634857,47.486545303966295,57.71930343440634,34.507975548521614,50.42504229664515,2,1,2,2,2,2,Beginner_Path
L0288,Elementary,1.4,4,54.95805021027571,41.069097992985384,70.20091740991101,49.43428937037324,65.04212900685229,57.58761239760069,2,2,2,3,2,3,Elementary_Path
L0289,Elementary,1.4,7,50.01619031356941,29.320117344397325,56.31119324675147,39.73634714734131,61.932422751414315,49.82929945177587,2,1,2,2,1,2,Beginner_Path
L0290,Intermediate,0.5,6,64.14772890788791,40.07537729994007,73.84842582801159,54.07770388655976,57.187875377117116,61.32023223617021,3,2,3,2,2,3,Elementary_Path
L0291,Beginner,1.1,3,56.043391083085965,24.98685345802033,65.51246943269463,54.781799221248704,43.06696942029838,39.73045272838001,2,1,3,2,2,2,Beginner_Path
L0292,Beginner,1.6,4,37.14905742957986,25.778110945683725,38.06195582098177,37.27030568118722,39.85055920578926,36.01327176860468,1,1,1,1,1,1,Beginner_Path
L0293,Upper-Intermediate,1.6,6,76.38645183710085,60.4538189804994,79.00685662207968,71.18266462384094,94.72579904446933,76.96930634962757,3,3,3,4,3,4,Intermediate_Path
L0294,Elementary,0.8,7,39.1387370081859,50.182189504454115,52.27573099069129,38.58618513860735,42.0370981100791,20.812245329305796,1,2,2,1,2,1,Beginner_Path
L0295,Beginner,2.4,5,31.317390384016676,29.93810938914664,25.454069955167245,19.05418849527697,41.46010609775727,36.11088351304833,1,1,1,1,1,1,Beginner_Path
L0296,Elementary,0.9,5,50.97813293093307,43.2048542512752,51.89603196244031,46.39961326420656,45.71854669007195,34.55074965377749,2,2,2,2,2,2,Beginner_Path
L0297,Intermediate,2.2,7,71.03933546701907,63.94232774500935,73.81062187380665,61.254851123246176,45.66959595382146,66.6290257254414,3,3,3,2,3,3,Elementary_Path
L0298,Beginner,1.8,7,37.43719175748428,27.33677475218574,50.40589541812241,48.9958446432767,61.91638255054987,33.5284469478314,1,1,2,2,1,2,Beginner_Path
L0299,Intermediate,1.0,1,57.64083470687876,52.35454101295278,71.1908316938801,35.51503465500345,48.184334208975876,55.3094808826783,2,2,2,2,2,2,Elementary_Path
L0300,Beginner,2.7,4,35.931147554956254,38.65759986092915,41.24491019360501,26.74903672976971,42.20129187487776,19.949281257461966,1,1,1,1,1,1,Beginner_Path
L0301,Beginner,0.7,4,34.65243329155677,15.584321993797786,38.43902763994359,32.1925890944355,22.592993936196645,45.168308890128515,1,0,1,1,1,1,Beginner_Path
L0302,Elementary,2.1,7,52.949714557088214,21.150944910494175,67.69255671898621,47.96519151426798,46.00929460756907,51.27328120273809,2,1,2,2,1,2,Beginner_Path
L0303,Elementary,2.2,2,35.027423548213555,48.461173287977225,50.0268285364233,46.549663084715775,54.219688214334575,50.569478823405035,1,2,2,2,2,2,Beginner_Path
L0304,Intermediate,1.0,2,72.80939576666728,59.92014280566899,67.94082038793213,56.7831131431273,51.75266020497637,46.869771478311776,3,2,3,2,3,2,Elementary_Path
L0305,Intermediate,2.5,6,53.34577701870539,75.64220134852411,66.63334680677538,62.080960585699444,65.86801850735655,47.2636015506187,2,3,3,2,3,3,Elementary_Path
L0306,Advanced,1.3,6,97.21903485438142,86.5809487586681,100.0,78.96706889220891,87.30958908111917,87.23599454445905,4,4,4,4,4,4,UpperIntermediate_Path
L0307,Elementary,1.7,2,37.30001402606124,53.19739717258095,64.7141235767236,57.341414422336946,61.600825123986134,38.05501589751949,1,2,3,2,2,2,Elementary_Path
L0308,Elementary,1.7,7,56.68840130546218,43.04527356414026,42.04741379332879,52.33452441699481,63.61760913340223,49.34892962677338,2,2,2,2,2,2,Elementary_Path
L0309,Intermediate,1.4,7,66.71944607814497,57.972272215850865,53.1244683322496,54.8016773587192,54.132552392699886,33.390873972332784,3,2,2,2,3,2,Elementary_Path
L0310,Elementary,2.1,6,53.84202072005897,61.67256841749534,60.78909818069134,64.00907991888916,50.76732859392957,40.12455443593407,2,3,3,2,2,2,Elementary_Path
L0311,Elementary,2.1,3,40.05571478200208,23.760071818743643,54.35662352620834,63.56416035571767,51.83454226472233,62.96753465426491,2,1,2,2,1,2,Beginner_Path
L0312,Beginner,0.5,7,42.495481895980774,39.1361625757168,40.44828216046236,47.328953551938085,46.193492954346986,39.394858279957646,2,1,2,2,2,2,Beginner_Path
L0313,Beginner,2.4,2,28.16943815265611,56.35586730077366,55.156278839944704,7.814432294322074,40.143819962442656,36.66793664530993,1,2,1,1,2,1,Beginner_Path
L0314,Advanced,0.5,4,87.47236744903815,87.82034219209342,96.8745938208891,100.0,91.90210959342842,100.0,4,4,4,4,4,4,Advanced_Path
L0315,Upper-Intermediate,2.2,7,85.29413100955325,86.50572963232848,80.52457386889444,80.94758522471935,72.5659352520488,46.64046381198564,4,4,4,2,4,3,Intermediate_Path
L0316,Intermediate,2.3,7,67.96701927070742,48.707878504705576,72.79828640755049,78.06408637712937,61.152398669720185,46.84688885211892,3,2,3,2,2,3,Elementary_Path
L0317,Elementary,0.7,3,50.15182942540433,44.67952505836286,51.248910050564355,60.374645917335386,62.979401935351326,40.98826828252611,2,2,2,2,2,2,Elementary_Path
L0318,Beginner,1.2,6,30.251934240771583,35.33524702388588,60.68518985472554,53.78342677497285,46.46083241211854,43.5835123300539,1,1,2,2,1,2,Beginner_Path
L0319,Beginner,0.7,7,46.455877121741935,12.824089206412292,37.11952376766992,46.78654850180379,47.01255639443369,43.756563632282365,2,0,2,2,1,2,Beginner_Path
L0320,Elementary,1.3,5,50.193812376980254,33.318221721498,61.56929066342088,61.48693198645512,57.23070324135578,36.33993291017374,2,1,3,2,2,2,Elementary_Path
L0321,Elementary,1.3,1,26.79684401769577,34.03124920616014,69.33832838659845,67.9412374073444,48.46191222118964,54.979543221425494,1,1,3,2,1,3,Elementary_Path
L0322,Intermediate,2.0,2,67.82629826316519,63.220660780325275,51.227045107279,60.165547383782055,63.1882704357953,50.96685232678293,3,3,2,2,3,2,Elementary_Path
L0323,Intermediate,2.4,5,59.75767166130308,63.72153105684055,61.566648241475505,42.2776945592187,49.148263216642555,67.11639625649167,2,3,2,2,3,2,Elementary_Path
L0324,Elementary,2.5,6,62.02451247983072,48.24036442706533,66.42207392885558,44.92539099984858,62.688076563169574,34.67357301877942,3,2,2,2,2,2,Elementary_Path
L0325,Advanced,1.1,4,79.04729481157196,93.24102896855706,100.0,91.89945599383437,62.17039567656779,83.7668840093384,3,4,4,3,4,4,UpperIntermediate_Path
L0326,Intermediate,1.4,1,28.232961868039993,53.35850587278226,63.28504399611761,58.74887584371558,59.128516076645745,50.0983268462344,1,2,3,2,2,2,Elementary_Path
L0327,Intermediate,0.5,5,62.79083858345185,67.01931669539543,57.653289063231405,45.53438033840574,71.40895977150274,65.56030371565714,3,3,2,3,3,3,Elementary_Path
L0328,Intermediate,0.9,1,62.91563676681973,55.08788442632072,74.55935822330763,41.689323748050214,46.361320663706586,49.77218783433829,3,2,2,2,2,2,Elementary_Path
L0329,Elementary,2.2,2,33.093283723935485,45.578640474267566,66.83549102581605,40.58837331365171,53.99779917616851,44.57551470988244,1,2,2,2,1,2,Beginner_Path
L0330,Beginner,2.6,6,30.215004541333936,32.34407366737589,33.35336651487605,46.07739555984151,33.19233553420973,40.06811397663049,1,1,1,1,1,1,Beginner_Path
L0331,Elementary,0.6,7,77.55217743719902,51.844504776364275,42.960863510336196,63.803397708229696,46.31196734811131,50.452584830261195,3,2,2,2,3,2,Elementary_Path
L0332,Intermediate,1.1,4,56.94389385846197,50.78801183387087,67.25256681983599,67.16567613777701,69.45940960639437,63.869526074731716,2,2,3,3,2,3,Elementary_Path
L0333,Beginner,1.5,6,47.30958976376216,44.76431377198068,51.293606334288924,48.57427287114136,41.9805692588515,37.11124776844667,2,2,2,1,2,2,Beginner_Path
L0334,Beginner,1.7,1,33.493401726316165,23.678508592839933,42.009309147699454,37.19184426836442,19.65644132115637,30.81751084720169,1,1,1,1,1,1,Beginner_Path
L0335,Beginner,0.9,5,19.096971011468433,24.01083745271806,51.792938199823496,20.57917542294036,30.235744602684015,31.503012546412496,0,1,1,1,1,1,Beginner_Path
L0336,Beginner,1.8,2,38.297417532040946,41.87426755126504,37.89863393162618,33.447794191172946,49.7533573488876,35.25672315207612,1,2,1,2,2,1,Beginner_Path
L0337,Upper-Intermediate,1.2,2,72.34395439713894,69.11455785416987,58.853064009262646,70.41235588127621,79.48942718192998,72.49592476074383,3,3,3,3,3,3,Intermediate_Path
L0338,Intermediate,1.5,6,56.001217613316285,50.46108583846872,60.76098927667404,53.02947513164318,77.48135572524285,53.52828352151564,2,2,2,3,2,3,Elementary_Path
L0339,Elementary,1.9,7,48.853591644936074,53.90057732475459,55.632321465131014,48.54694865374626,66.82647594013298,45.192034209655475,2,2,2,2,2,2,Elementary_Path
L0340,Beginner,1.5,5,42.64268271645636,28.927385859139157,42.241600401035434,42.414197598929505,36.577548698532084,19.82746139427895,2,1,2,1,1,1,Beginner_Path
L0341,Elementary,1.2,7,48.49883048746194,42.9979874569963,43.41396736340515,56.53015188243498,75.03237805069489,51.67355284454678,2,2,2,3,2,2,Elementary_Path
L0342,Elementary,1.4,7,37.35993832052636,58.99227950071159,36.843510241211824,45.21880135633666,50.24479669851911,46.811122888894296,1,2,2,2,2,2,Beginner_Path
L0343,Beginner,1.4,5,44.86184791561939,50.3914234581065,39.85911195632102,18.962405943554067,30.373314655909745,45.018704135410886,2,2,1,1,2,1,Beginner_Path
L0344,Elementary,1.2,1,30.506282446775767,60.723982102703275,63.97655771649744,43.171222807088654,43.663601340894225,45.00160507407085,1,3,2,2,2,2,Beginner_Path
L0345,Elementary,1.3,6,29.496425427157998,42.17874223066089,67.56197439413683,48.43710396991984,27.43274894710581,27.616024214782136,1,2,2,1,1,2,Beginner_Path
L0346,Intermediate,2.6,6,67.39180494701569,67.3070290498447,76.87713384138455,70.22807922133408,76.07019008249281,51.41553810693325,3,3,3,3,3,3,Intermediate_Path
L0347,Intermediate,1.9,3,65.07020272135357,45.51047172231322,56.84090464851447,52.32192157815895,75.94761989043863,53.00070076881583,3,2,2,3,2,2,Elementary_Path
L0348,Beginner,1.3,6,39.42604634925964,25.93097125277939,33.46293676369636,43.12543628399402,29.844925611866792,42.42903305433599,1,1,1,1,1,1,Beginner_Path
L0349,Elementary,2.0,2,36.04551495244928,21.49544147375639,59.96634614979895,50.90087899635432,47.72115711618094,24.29726455486605,1,1,2,1,1,2,Beginner_Path
L0350,Intermediate,1.3,1,52.920890593259244,71.7286820189853,71.35100011597925,58.439005331233886,60.956075441125776,55.41179516948935,2,3,3,2,3,3,Elementary_Path
L0351,Elementary,2.3,5,47.37253252313496,36.36020150923922,59.001696052004974,57.305333193245914,40.396469478578865,50.13675215793306,2,1,2,2,2,2,Beginner_Path
L0352,Upper-Intermediate,1.8,6,59.041060314258864,68.7346742025294,59.85936725762237,66.39158803247419,57.448979687288386,63.385121147184805,2,3,3,3,3,3,Elementary_Path
L0353,Intermediate,1.4,1,52.60971341976767,45.89675658071716,56.331154151165336,52.24813550356484,57.896423962230884,55.74628009816848,2,2,2,2,2,2,Elementary_Path
L0354,Beginner,1.8,6,46.523303381766794,41.9516524833014,44.70311209714021,37.88099176905772,36.78920570540753,28.729634908501556,2,2,2,1,2,1,Beginner_Path
L0355,Beginner,0.5,5,54.273053642892165,31.243663392826598,49.87218194630427,31.598534949063,36.11588759011225,27.704270667796095,2,1,2,1,2,1,Beginner_Path
L0356,Intermediate,0.7,4,55.8056524734145,41.95183109567051,72.67307362602487,63.080122910545995,62.22716062600965,50.91580149868683,2,2,3,2,2,3,Elementary_Path
L0357,Beginner,0.7,5,47.56488354316098,39.416625641860605,46.4425352228204,30.868076956338673,54.29519658525992,27.89308007532989,2,1,1,2,2,1,Beginner_Path
L0358,Intermediate,1.6,5,40.859399294125325,40.66269975189772,68.30783806538236,60.263042077451345,56.96907280308274,61.83618311936333,2,2,3,2,2,3,Elementary_Path
L0359,Upper-Intermediate,2.7,5,81.59451241113612,61.625942746845084,80.84865458361104,71.99827231213243,76.70442998721363,62.650481231646225,4,3,3,3,3,3,Intermediate_Path
L0360,Intermediate,3.1,6,51.96051585272519,33.93110885373919,71.85619374218483,60.14925964776706,67.26870523744935,45.970899929520726,2,1,3,2,2,3,Elementary_Path
L0361,Elementary,1.9,3,53.0734561670797,30.760418878023934,58.12865651490911,43.40258604936961,55.54142926512749,62.679286668395335,2,1,2,2,2,2,Elementary_Path
L0362,Intermediate,1.9,5,57.52247581760291,56.78529169720478,65.65737660047287,54.609117054731726,53.85576475552158,64.60740011824035,2,2,3,2,2,2,Elementary_Path
L0363,Elementary,0.5,2,63.20414009783834,25.354639618970754,52.31631200862619,48.9600926799705,50.963771231140356,26.384866393407997,3,1,2,1,2,2,Beginner_Path
L0364,Elementary,1.1,2,41.25564351660082,30.188542753782844,55.81291425042481,50.02074506161313,55.47539820169053,37.35231710147467,2,1,2,2,1,2,Beginner_Path
L0365,Upper-Intermediate,0.9,1,81.27606297561832,69.97631083867192,84.84591378839275,72.95798084608843,63.71648662489223,72.4246297172271,4,3,3,3,3,3,Intermediate_Path
L0366,Elementary,1.1,3,47.20492536703466,39.56393103906947,57.67475388898061,65.05362356513083,62.63539010796508,48.23755067231493,2,1,3,2,2,2,Elementary_Path
L0367,Advanced,1.4,1,88.41694521990337,100.0,98.80826418345254,78.09263081258716,100.0,70.09507134263106,4,5,4,4,4,4,UpperIntermediate_Path
L0368,Upper-Intermediate,1.2,2,73.1614610684079,88.33896546024376,93.42721861351185,72.35796205047286,67.77219744555507,81.58565492822322,3,4,4,3,4,3,Intermediate_Path
L0369,Beginner,0.5,7,31.54326895505887,26.320775372488463,47.65163922746587,22.263709778830155,41.93670018348169,43.25224419181626,1,1,1,2,1,1,Beginner_Path
L0370,Beginner,2.0,2,39.85901034093328,40.57137618403482,38.510014795268425,41.72081478667386,46.42278256671032,39.819016320403385,1,2,2,2,2,2,Beginner_Path
L0371,Beginner,0.7,4,39.37351777878178,42.492825568794515,53.83606785994169,26.84753463623186,34.543858436712476,48.56728490712121,1,2,2,2,2,2,Beginner_Path
L0372,Beginner,1.7,5,42.41240248406729,29.025211419755966,31.338016623310825,35.21689744123424,44.81613845688094,39.52289992570918,2,1,1,2,1,1,Beginner_Path
L0373,Beginner,3.0,7,40.84505145692862,20.044584635017962,34.18586619260713,34.279356746686744,41.63255626292165,39.48580879251847,2,1,1,2,1,1,Beginner_Path
L0374,Intermediate,0.9,2,67.97994549612237,54.87701550691943,68.35847264720068,60.80891126601171,45.320818223611994,70.57679271822242,3,2,3,2,3,3,Elementary_Path
L0375,Beginner,0.5,6,49.235086160473685,33.271543251858894,50.16396667786579,32.4720908245482,44.59161315978558,46.01219580727709,2,1,2,2,2,2,Beginner_Path
L0376,Elementary,1.3,6,39.49376678172199,40.64235503029381,42.54948776496005,42.04694302306018,38.99857583728964,36.584925410884686,1,2,2,1,2,2,Beginner_Path
L0377,Upper-Intermediate,2.3,1,83.68772500590771,74.42316868164485,76.1718251901325,87.35856464085899,84.39202851662047,76.33195178671916,4,3,4,4,3,4,UpperIntermediate_Path
L0378,Beginner,2.9,7,28.136635728901457,27.492703929944014,38.93916167780341,40.84566790474526,33.28788924866111,28.357321350414182,1,1,1,1,1,1,Beginner_Path
L0379,Upper-Intermediate,0.6,1,80.87855888137734,58.480024524208574,75.13323677118403,67.38949147977732,73.38714566338855,75.04154550950278,4,2,3,3,3,3,Intermediate_Path
L0380,Elementary,1.8,5,56.197387847028686,46.090829703498315,64.43597776272946,45.49166328188769,63.72278913446575,49.766135070198146,2,2,2,2,2,2,Elementary_Path
L0381,Beginner,1.2,5,20.886831083374958,38.859700925688756,52.06505463547253,54.45354952270745,44.96381646528845,21.16532687544014,1,1,2,1,1,2,Beginner_Path
L0382,Intermediate,1.4,4,60.9297924652941,43.23355056099947,64.80877820146293,55.64835121748903,49.20526080425455,53.78154388688965,3,2,3,2,2,2,Elementary_Path
L0383,Intermediate,3.4,3,55.31503886639684,64.28090610991082,59.54038072885072,51.10723376847612,49.85083429200916,57.65257023580402,2,3,2,2,2,2,Elementary_Path
L0384,Upper-Intermediate,0.5,1,67.41234742064626,52.29518862223922,66.5035032977986,66.15003849873608,69.00697211376274,65.63709809005843,3,2,3,3,2,3,Elementary_Path
L0385,Intermediate,1.7,5,73.50852330699006,49.21886541284357,79.2018493878195,52.508735190104225,63.94644083356666,58.1470994239076,3,2,3,3,3,3,Elementary_Path
L0386,Upper-Intermediate,1.8,1,68.46320859362581,67.41991463802391,85.92113900284919,67.05502277573278,78.58299814932768,78.05897777001069,3,3,3,3,3,3,Intermediate_Path
L0387,Elementary,2.3,5,41.9362307088195,38.6377628734807,47.933308959268594,35.20352151650757,41.568976953371305,44.69406935769244,2,1,2,2,2,2,Beginner_Path
L0388,Beginner,1.6,2,40.756949400050935,29.349395264488074,52.19599497624891,26.757999030530218,28.32790514385641,37.24599476708259,2,1,1,1,1,1,Beginner_Path
L0389,Intermediate,1.7,1,66.85589746298416,73.71074482308114,64.29776379425374,49.7067962563863,62.81583405085834,68.83424078555976,3,3,2,3,3,3,Elementary_Path
L0390,Upper-Intermediate,1.2,2,73.58351413989872,61.49115910961101,77.12890495137657,78.91571018453098,73.18139934209839,74.73196583225226,3,3,3,3,3,3,Intermediate_Path
L0391,Advanced,1.7,1,100.0,100.0,99.35211528289602,84.18762712727127,100.0,87.00824289674473,5,5,4,4,5,4,Advanced_Path
L0392,Elementary,1.3,3,55.30975661964091,49.371267797310516,47.58501750087275,45.928383109059595,50.366036565630786,35.41920620358639,2,2,2,2,2,2,Beginner_Path
L0393,Elementary,1.9,4,28.217886802685697,45.92055137311992,51.5624348048989,60.70088025254897,68.14252827700275,51.71026011388849,1,2,2,2,1,2,Elementary_Path
L0394,Intermediate,1.2,6,54.70533036492992,59.76240353387666,66.21461064199546,70.95007149938418,48.2961640189566,58.30149949391939,2,2,3,2,2,3,Elementary_Path
L0395,Elementary,1.8,6,44.38157900648301,70.29927749251952,50.005488071147866,45.17875056862265,34.26787060438293,57.83739433701408,2,3,2,2,2,2,Elementary_Path
L0396,Upper-Intermediate,1.5,6,79.79360953429422,60.06406996068552,86.69085210267524,66.69136489316591,63.79914867474466,70.46878543303312,3,3,3,3,3,3,Intermediate_Path
L0397,Upper-Intermediate,2.3,2,48.75182943625888,58.79582081063611,98.6906650367826,64.35569686326463,86.89129781453467,51.83733499866004,2,2,4,3,2,3,Intermediate_Path
L0398,Elementary,1.5,7,75.49009708717722,37.45133803428079,47.45701867392857,54.92775769708238,67.56101589693534,27.998791311717383,3,1,2,2,2,2,Elementary_Path
L0399,Intermediate,0.5,5,65.3102609489421,55.32143146964561,48.34874703695955,55.95292766477712,52.17820546047366,62.356807637597335,3,2,2,2,3,2,Elementary_Path
L0400,Intermediate,2.4,6,61.48876803917691,37.74228875187427,44.98259832523738,54.135051096772095,55.39433970240442,49.29806402301847,3,1,2,2,2,2,Elementary_Path
L0401,Beginner,0.9,3,51.81567716419146,35.22339239318608,43.49531858505018,29.863354248624475,28.310190897875003,39.36767751110497,2,1,1,1,2,1,Beginner_Path
L0402,Upper-Intermediate,1.0,6,98.43654052812624,86.93547133413672,73.36835409873817,65.30333590988612,56.88360152881613,71.14232644502356,4,4,3,3,4,3,Intermediate_Path
L0403,Elementary,1.1,1,58.70746644588403,46.51407390624777,57.078605010670806,51.20058191493244,57.184116977766294,43.33160332306079,2,2,2,2,2,2,Elementary_Path
L0404,Upper-Intermediate,2.5,2,84.4881309647162,67.07314541024724,81.32597672026101,59.84561734112738,77.23020302962163,69.03638714411777,4,3,3,3,3,3,Intermediate_Path
L0405,Elementary,0.5,7,51.30690024464382,38.81839551316372,38.96783153385904,57.94868693787939,50.10487982673875,36.34610494954773,2,1,2,2,2,2,Beginner_Path
L0406,Upper-Intermediate,3.7,1,73.58474246633051,78.98511704551565,61.851161705185945,67.66155356185081,60.9994346283662,69.84222311100329,3,3,3,3,3,3,Intermediate_Path
L0407,Elementary,2.2,7,45.24204555995099,36.74167226761952,57.959332403460955,46.50364055748207,66.3995668182866,39.15506567205601,2,1,2,2,2,2,Beginner_Path
L0408,Beginner,1.7,1,31.73888008285458,53.46395920599248,46.35428834719957,24.630220418594455,34.96643261950527,31.277434798742952,1,2,1,1,2,1,Beginner_Path
L0409,Upper-Intermediate,1.5,1,68.12985900300502,89.33359747714357,75.74182001633449,72.87634061757636,80.33626424816475,66.76350955290839,3,4,3,3,3,3,Intermediate_Path
L0410,Beginner,1.7,4,26.494440356570166,37.567507986617876,28.428564148676955,34.7167905730944,25.454385947552755,32.73306730101281,1,1,1,1,1,1,Beginner_Path
L0411,Elementary,1.9,4,49.24128549314977,44.88484911923355,59.713912627649904,47.499194011435335,48.094748103799624,54.22173456507086,2,2,2,2,2,2,Elementary_Path
L0412,Advanced,2.0,5,73.15332422773614,95.30659808241559,100.0,100.0,92.91374456238584,83.70209170795306,3,4,5,4,4,4,Advanced_Path
L0413,Advanced,1.9,2,91.90916524143711,95.94798502227326,97.77982440218922,89.7769804579024,93.27075218053308,95.23702336590098,4,4,4,4,4,4,Advanced_Path
L0414,Intermediate,1.6,3,59.63669391957658,46.94008268940584,56.525261094349354,50.05340815854196,61.546485432366254,70.37854951326482,2,2,2,3,2,2,Elementary_Path
L0415,Intermediate,1.4,3,61.46935298386688,49.73444866863298,65.44552165571152,50.88680089453432,64.94522492048773,63.549446510561495,3,2,2,3,2,3,Elementary_Path
L0416,Elementary,1.4,3,44.77868429980008,31.776525653167045,41.33885919066315,53.95131185913769,38.694795439670386,50.34468535068511,2,1,2,2,1,2,Beginner_Path
L0417,Elementary,1.4,1,80.76860370180503,49.09064938334057,65.57960713838793,60.98693290993424,51.9737260543966,48.268322094835206,4,2,3,2,3,2,Elementary_Path
L0418,Elementary,2.3,4,63.601159001803126,51.66627883456891,55.818443345295385,50.8191802075105,51.13757683480277,53.6535870905007,3,2,2,2,2,2,Elementary_Path
L0419,Intermediate,1.9,2,47.55457499915277,41.50074362138727,47.31843088246768,64.88712744554769,62.31672684195061,55.8936073859624,2,2,2,2,2,2,Elementary_Path
L0420,Intermediate,0.5,1,62.32868087426898,50.44801095183841,61.99325639556317,64.09737723336706,60.723452173191816,64.84569845957199,3,2,3,3,2,3,Elementary_Path
L0421,Intermediate,2.0,7,53.91993857062676,41.527460824186505,69.63301510234231,72.1906441335752,47.26787226086603,61.141058052896845,2,2,3,2,2,3,Elementary_Path
L0422,Intermediate,1.6,4,49.85520273292586,46.012001897561625,61.669523790244774,38.50409827273967,46.822002478910264,51.40159539219612,2,2,2,2,2,2,Beginner_Path
L0423,Beginner,1.5,4,26.599279288760652,40.510170602262995,42.24104278559826,44.67218939304529,17.857318141154487,43.95850880102806,1,2,2,1,1,1,Beginner_Path
L0424,Elementary,1.2,6,54.32216690759254,37.6651793332172,42.75597792952728,57.837360439035635,58.17534509845298,45.914800059775686,2,1,2,2,2,2,Beginner_Path
L0425,Beginner,2.3,6,33.18619764930426,31.991740439677013,50.66540987081656,24.612762938644266,48.27657509735199,33.93867992387684,1,1,1,2,1,1,Beginner_Path
L0426,Elementary,2.2,2,59.678260240252044,28.726882720526845,48.51530799980863,39.14331815993584,58.4355029122212,40.23800839601013,2,1,2,2,2,2,Beginner_Path
L0427,Elementary,1.0,7,59.93782214530439,46.869902097246644,33.43554622994967,39.492172513718465,53.06789962461452,46.660188478745724,2,2,1,2,2,2,Beginner_Path
L0428,Upper-Intermediate,1.8,2,88.7391438521145,69.55726680155351,76.28742629329606,65.71209803622617,53.66880782281889,79.96462615412983,4,3,3,3,3,3,Intermediate_Path
L0429,Elementary,0.8,2,41.47613233925897,37.71040749966838,64.81149715570353,43.18282949064474,39.73289508214734,53.88940005593037,2,1,2,2,1,2,Beginner_Path
L0430,Beginner,0.5,1,44.753656106920104,33.10985702317526,41.130705534000526,40.42602813054941,41.70415417593112,38.53393797458957,2,1,2,2,1,2,Beginner_Path
L0431,Beginner,1.1,5,46.32454216642301,36.80294880503445,62.37984985123521,46.656746511673695,41.35518002791795,40.99643640725035,2,1,2,2,2,2,Beginner_Path
L0432,Intermediate,2.1,2,55.258218248960354,46.85131851090656,69.28967948548517,68.81316957768536,57.77251786847979,67.71696791522558,2,2,3,3,2,3,Elementary_Path
L0433,Intermediate,2.2,6,52.28228042607125,40.23737455998221,68.38758162280367,49.62176938832218,63.68917202908247,53.50033708829139,2,2,2,2,2,2,Elementary_Path
L0434,Beginner,1.9,5,56.09520665775973,53.05574432686815,43.71601734082391,29.55297001297017,40.11651707685245,23.84579996469794,2,2,1,1,2,1,Beginner_Path
L0435,Beginner,2.0,1,42.27495875732054,28.667272952897275,44.31713792235709,51.15821840016223,41.207704655513616,48.011298521785726,2,1,2,2,1,2,Beginner_Path
L0436,Intermediate,1.9,5,66.35967750711738,54.032398968131105,62.36576364880496,64.46743935418644,53.60934667167984,49.70221747969282,3,2,3,2,3,2,Elementary_Path
L0437,Beginner,1.1,3,31.779239881720727,45.108397350203134,41.97730607917474,38.82864841868996,49.820109861215904,28.096618766560955,1,2,2,1,1,1,Beginner_Path
L0438,Upper-Intermediate,1.8,7,62.80715533477806,100.0,85.30867162067149,77.73336675554967,70.69228391319616,52.03802244665449,3,5,4,3,4,3,Intermediate_Path
L0439,Intermediate,2.1,5,54.30550225507889,42.555135501111344,55.641687702094345,57.70196218148559,46.693509169793735,60.712830531642965,2,2,2,2,2,2,Elementary_Path
L0440,Beginner,2.0,2,38.75978612610003,39.4982721372651,34.2410617127574,43.24584683047615,32.290009871812714,18.785473754477785,1,1,1,1,1,1,Beginner_Path
L0441,Beginner,2.3,1,29.357799931826513,27.924477147058937,33.768049491246224,34.639333034942595,36.5153380863802,27.49741192308263,1,1,1,1,1,1,Beginner_Path
L0442,Advanced,2.0,7,89.90155191349616,79.6120969542329,100.0,90.68804934439231,99.94002788368847,90.88236794515059,4,3,4,4,4,4,Advanced_Path
L0443,Elementary,1.7,2,33.114948119315,37.7978797899321,60.3034290167058,32.894539496305036,49.57732001565207,52.21921252408372,1,1,2,2,1,2,Beginner_Path
L0444,Elementary,2.2,7,38.79952577530128,33.743450321994146,58.04492201680145,41.12215705174569,48.13851781034351,38.482958517817664,1,1,2,2,1,2,Beginner_Path
L0445,Upper-Intermediate,1.5,6,81.70911248276875,69.58708638215339,69.42485329706568,66.22988823209657,62.51336575237373,68.65846673007594,4,3,3,3,3,3,Intermediate_Path
L0446,Upper-Intermediate,0.9,3,81.03790520277894,55.254973129517644,86.23342300674828,69.25609966793085,82.85482589829576,61.27405473593847,4,2,3,3,3,3,Intermediate_Path
L0447,Advanced,1.4,6,86.08123234613133,94.4680756651187,93.83428653546672,78.73486745220252,83.48047845976615,79.51603212188817,4,4,4,4,4,4,UpperIntermediate_Path
L0448,Intermediate,1.0,2,49.82235690923047,55.550029360333745,67.1416894113175,52.664563741769186,58.99972141058664,57.66215260152907,2,2,2,2,2,2,Elementary_Path
L0449,Elementary,1.0,2,39.72596448473989,49.2243497290144,45.23379684136444,32.85585937601879,64.80183076881865,39.983533212035425,1,2,1,2,2,2,Beginner_Path
L0450,Beginner,1.4,2,36.26731754058686,30.33811388053777,46.602688574175765,43.487004763949,45.08763331049305,32.55784959824331,1,1,2,1,1,2,Beginner_Path
L0451,Intermediate,0.9,4,66.44518491645292,51.327960657882514,60.76166461793517,57.174864810886056,43.71745952284826,40.352933183824334,3,2,2,2,2,2,Elementary_Path
L0452,Intermediate,1.3,3,69.28245691344324,57.87563905167328,57.343888429698126,40.94792392223983,42.304897636475275,66.32956164806137,3,2,2,2,3,2,Elementary_Path
L0453,Elementary,0.5,7,45.03468264518031,33.35949367594175,62.34106335807249,39.65170089453327,49.35689549880754,50.10066593171066,2,1,2,2,1,2,Beginner_Path
L0454,Upper-Intermediate,1.6,2,63.46507574015216,66.42009565586665,64.62292191469997,76.36601427562167,62.87259385125195,77.92905371837202,3,3,3,3,3,3,Intermediate_Path
L0455,Beginner,1.5,2,42.678436378663335,26.40386486121546,50.647762643141505,32.569780536142105,46.48546747632998,47.90425324616862,2,1,2,2,1,2,Beginner_Path
L0456,Elementary,0.9,7,41.764650293741504,36.094311894089856,61.84486133552996,41.03058539861903,50.42263064964979,36.747871244542836,2,1,2,2,1,2,Beginner_Path
L0457,Beginner,2.0,6,34.817473611387975,13.901617593743584,36.2035632444876,37.254073229919236,41.65384769023863,31.416055169719762,1,0,1,1,1,1,Beginner_Path
L0458,Elementary,2.2,6,63.252760904370376,58.393265894799995,46.796715388675324,51.43597535178216,42.93256818357647,26.05165632417789,3,2,2,1,3,2,Beginner_Path
L0459,Beginner,0.5,2,48.27115428565768,28.13461246846231,42.769743187335976,23.636475429608396,57.41383655286705,66.40422910102237,2,1,1,3,1,2,Beginner_Path
L0460,Beginner,1.0,1,41.579743122514515,46.633760551635504,47.820362104622205,43.501284812178795,68.42593728010459,33.50414684682624,2,2,2,2,2,2,Beginner_Path
L0461,Beginner,1.0,4,27.28080998887277,45.68792321394292,43.471450081857746,29.997067183926234,37.21415276243285,45.38727899914912,1,2,1,2,1,1,Beginner_Path
L0462,Intermediate,0.8,6,62.11396567470659,42.14000293483507,69.3356246019188,57.820720317502015,63.530392484150006,42.618388556645414,3,2,3,2,2,2,Elementary_Path
L0463,Intermediate,2.1,1,70.62657290787527,44.11588764327154,82.62979652537399,57.645798593084905,60.97417343064313,64.96388425643009,3,2,3,3,2,3,Elementary_Path
L0464,Intermediate,1.4,4,56.24366334234465,80.60502959355684,59.92283230850286,52.72933881760226,57.40313136558931,73.57590876649665,2,4,2,3,3,3,Elementary_Path
L0465,Advanced,1.3,2,100.0,100.0,77.8482002929658,77.76340253869286,81.67929532267203,84.39719250972018,5,5,3,4,5,4,UpperIntermediate_Path
L0466,Elementary,0.5,3,62.92745289518207,44.68481486671896,63.25923583030653,45.143134519077364,39.15032012519523,34.891185034103984,3,2,2,1,2,2,Beginner_Path
L0467,Elementary,1.9,5,66.63732832143474,47.573731064173494,71.8331457592753,64.25330309075196,38.64402734474476,43.61203599054464,3,2,3,2,2,2,Elementary_Path
L0468,Upper-Intermediate,0.6,5,78.05243126531353,63.691535970528115,83.92768363051124,59.38324969536369,79.05240025549145,47.73238475042774,3,3,3,3,3,3,Intermediate_Path
L0469,Beginner,1.5,2,45.873916998060125,39.3235271420034,34.12251324646332,54.923130191048756,34.803255217963645,34.62113298978158,2,1,2,1,2,1,Beginner_Path
L0470,Advanced,1.7,6,100.0,77.82818099277529,93.76107636764799,85.40278828923468,64.21707149859469,93.20967139312995,5,3,4,3,4,4,UpperIntermediate_Path
L0471,Beginner,2.5,1,44.473939370689756,14.676462357016153,33.81476515788368,38.35371417088639,44.44858220598322,34.64242355626486,2,0,1,1,1,1,Beginner_Path
L0472,Advanced,0.6,3,84.98765892209788,71.78444213488949,100.0,77.13289188615272,89.61738717535845,82.15860445311033,4,3,4,4,3,4,UpperIntermediate_Path
L0473,Beginner,0.5,7,35.514571634721385,35.21092747850587,31.487095973015656,30.28730583322519,53.46673001401146,40.27568116112033,1,1,1,2,1,1,Beginner_Path
L0474,Upper-Intermediate,1.6,4,77.38554953773739,58.68932764497412,76.998712131718,67.97090349961981,78.7312239709101,76.04024846949552,3,2,3,3,3,3,Intermediate_Path
L0475,Elementary,2.8,2,37.09438578053781,44.32722535086465,44.956621737060935,37.54305029122088,35.21326403689703,28.400944374948175,1,2,2,1,2,1,Beginner_Path
L0476,Advanced,2.4,3,88.56741084635807,74.25338960567137,96.26824685134962,85.91082042629128,67.70323359270019,85.88822962278789,4,3,4,3,4,4,UpperIntermediate_Path
L0477,Beginner,1.6,3,50.96547118230254,27.176460774980065,41.33658322862242,33.92984108193229,32.80527615662063,59.359851242292436,2,1,1,2,1,2,Beginner_Path
L0478,Intermediate,1.2,6,38.08746148834719,63.531653064131916,66.76762103250263,76.50781142435733,53.74892579306347,41.64983754351976,1,3,3,2,2,2,Elementary_Path
L0479,Advanced,2.1,4,100.0,87.47480547640104,95.22350554966366,76.34025814319538,99.43159201000167,84.14581167166934,5,4,4,4,4,4,Advanced_Path
L0480,Elementary,0.8,3,61.2237421870316,44.90335578686653,45.1334097227589,49.02690516748587,49.91129067710427,64.41746122051703,3,2,2,2,2,2,Elementary_Path
L0481,Intermediate,1.8,6,55.40235384169524,63.78963973070651,71.26877063529022,60.47846281901825,71.33688498098509,66.04175156543675,2,3,3,3,2,3,Elementary_Path
L0482,Intermediate,1.9,1,65.43390827871809,59.806085933473476,64.51234348156885,47.29679451348163,46.75166944297365,49.866033192239385,3,2,2,2,3,2,Elementary_Path
L0483,Elementary,2.2,6,50.03147726906327,59.465632912513676,45.114709921340996,54.86827495452839,59.65264384380448,47.06135379622604,2,2,2,2,2,2,Elementary_Path
L0484,Intermediate,3.4,1,72.29990368438683,50.401407376848596,87.40926556205793,54.01672987118372,67.2098915343092,54.97888320015176,3,2,3,3,3,3,Elementary_Path
L0485,Intermediate,1.8,1,69.82683142769942,50.70365021472492,69.76430166717125,33.07610348416932,39.81765888568803,47.519281956783324,3,2,2,2,3,2,Elementary_Path
L0486,Upper-Intermediate,1.1,7,60.99929276816991,56.98890733608655,78.46739446600695,79.59849612104566,88.22617841260772,69.25747892506918,3,2,3,3,2,3,Intermediate_Path
L0487,Beginner,1.5,7,45.87262413464177,30.7101928262758,59.15204526701824,26.83059115897636,40.93458491766353,32.20033867193471,2,1,2,1,1,1,Beginner_Path
L0488,Elementary,0.5,3,47.94372146356752,54.64769894302446,73.41815609386607,37.52225053860901,53.92044503868506,46.1274893807675,2,2,2,2,2,2,Elementary_Path
L0489,Advanced,1.0,6,90.828325705181,97.99987372262134,93.54650577686115,94.87902082892398,81.35103887571577,77.51616819308967,4,4,4,3,4,4,UpperIntermediate_Path
L0490,Upper-Intermediate,1.2,7,67.71828099030185,79.60305168086668,83.47397486434762,69.5283851758155,87.75247012921972,57.23381799755339,3,3,3,3,3,3,Intermediate_Path
L0491,Elementary,1.1,1,67.48137069120835,27.058081334505637,45.11997181997059,57.177721505515,38.141476707611304,44.58719226607629,3,1,2,2,2,2,Beginner_Path
L0492,Intermediate,1.6,7,70.40061819902576,65.83145212660735,63.528072492319886,70.10166095365318,68.32092018373946,72.1511821817878,3,3,3,3,3,3,Intermediate_Path
L0493,Elementary,0.9,4,42.60228836027033,26.614813767279294,53.009374462401304,41.55071539677702,58.20607475908671,45.822029262627964,2,1,2,2,1,2,Beginner_Path
L0494,Beginner,2.3,3,26.653893930897674,43.98117324122347,46.84827033621654,45.93262495955031,30.258325718277778,31.684062210684548,1,2,2,1,1,1,Beginner_Path
L0495,Elementary,1.5,6,46.14327369022152,41.32215473428945,58.3276047863701,40.44539198607118,69.83373599422575,52.54085805038498,2,2,2,3,2,2,Elementary_Path
L0496,Elementary,1.5,6,54.34502646091306,52.02533313933856,60.5982844882806,70.33115917132176,52.31528480217519,43.41680387404622,2,2,3,2,2,2,Elementary_Path
L0497,Intermediate,1.3,5,62.40205843946223,41.67551652105434,67.3764265629996,51.070429954687846,66.53892610271023,73.6803292495911,3,2,2,3,2,3,Elementary_Path
L0498,Beginner,1.6,6,52.53132824768244,46.71167632706147,32.89257373370835,48.26087440960004,24.728792046642443,34.96087490704922,2,2,2,1,2,1,Beginner_Path
L0499,Advanced,2.1,3,97.89919722180852,70.35025253895111,85.61532894258914,96.43790025881576,100.0,92.00497063158163,4,3,4,4,4,4,Advanced_Path
L0500,Advanced,0.9,4,99.69569025752907,78.31545089146823,89.53592380536327,91.16087822108933,77.7544305977491,77.45395617606727,4,3,4,3,4,4,UpperIntermediate_Path
L0501,Intermediate,1.0,6,63.268554006104374,45.01905372230965,62.17759408076771,51.294568385833166,70.2488643276593,60.030892533366625,3,2,2,3,2,3,Elementary_Path
L0502,Elementary,1.3,5,36.1070126978901,27.45715147177501,65.50774290472114,46.48602508058591,40.05228282068305,47.75093476943754,1,1,2,2,1,2,Beginner_Path
L0503,Elementary,0.6,3,48.04301468853099,45.94527567588468,43.37061013147087,26.46411887055448,43.81011197152317,44.43493875340792,2,2,1,2,2,1,Beginner_Path
L0504,Upper-Intermediate,0.9,1,85.60089739908665,88.06089117836962,76.425849518293,75.2442003838225,82.88754043885447,64.9824223883028,4,4,3,3,4,3,Intermediate_Path
L0505,Intermediate,1.2,2,59.48477071475354,81.66905222320008,74.5300949821405,61.49615331028385,70.27552713675158,48.61969834347626,2,4,3,2,3,3,Intermediate_Path
L0506,Beginner,2.1,2,45.030903686237465,35.971557870862476,42.00122525503388,39.33499419061371,27.28715750885898,37.823526639796526,2,1,2,1,2,1,Beginner_Path
L0507,Upper-Intermediate,1.7,1,71.81251684753867,81.16681275067522,84.60415649842824,43.266938287074424,85.90472169056994,76.28939109696474,3,4,3,4,3,3,Intermediate_Path
L0508,Upper-Intermediate,1.6,7,64.70188151458154,72.32094637928537,78.60457957072096,60.34363554910189,85.44980495133194,68.72837203705869,3,3,3,3,3,3,Intermediate_Path
L0509,Upper-Intermediate,2.1,6,73.76655935953889,74.98883194768213,82.56783257324723,65.51909017151337,65.62046591155108,72.87267929120793,3,3,3,3,3,3,Intermediate_Path
L0510,Intermediate,1.4,2,63.09047443032654,51.57851348872761,62.71527456190459,60.916589331890464,75.9864759359111,54.6208532186723,3,2,3,3,2,3,Elementary_Path
L0511,Intermediate,1.8,7,53.44312280538556,56.950769254226024,71.67065472728353,60.89338905642985,45.43142371751962,55.98526024905388,2,2,3,2,2,2,Elementary_Path
L0512,Elementary,1.4,2,47.64288755143332,50.374787046064284,39.54943592593565,46.29776208028821,43.75227417222385,42.99555017322775,2,2,2,2,2,2,Beginner_Path
L0513,Upper-Intermediate,1.7,1,65.60536758014017,64.21540271123669,76.36687991611456,79.35245536603956,79.79002624091989,70.17972579368308,3,3,3,3,3,3,Intermediate_Path
L0514,Upper-Intermediate,1.1,6,86.19244917564096,69.22505700107013,82.96572676694308,62.737576246971,66.46433715297394,96.98040456817427,4,3,3,4,3,3,Intermediate_Path
L0515,Beginner,0.5,6,37.05544242411966,34.41569881002512,50.33695248006193,44.10235005693996,42.63819085679341,38.11634298807425,1,1,2,2,1,2,Beginner_Path
L0516,Beginner,1.4,7,54.52755545126183,43.26403317330525,59.929526227538275,42.74742104839891,42.41076078803295,41.45296958431043,2,2,2,2,2,2,Beginner_Path
L0517,Elementary,2.5,1,65.28747850540908,34.339678283723195,51.089753331344234,51.775547328379105,48.12925730077279,49.38023605328097,3,1,2,2,2,2,Elementary_Path
L0518,Upper-Intermediate,2.1,7,74.18954035278256,69.48457791392349,94.79481761860873,71.17959568914344,83.3240053859056,67.3718317670294,3,3,4,3,3,3,Intermediate_Path
L0519,Advanced,2.2,6,79.9155126745265,100.0,88.4097617334033,100.0,87.7163920734236,97.93989213291668,3,5,4,4,4,4,Advanced_Path
L0520,Beginner,2.4,6,19.141021222666627,46.640601525859374,58.286464115446435,42.93195688489879,42.31541068813806,32.08836229573659,0,2,2,1,1,2,Beginner_Path
L0521,Intermediate,1.6,3,45.279629269732084,68.49179048888705,73.17467126698372,48.31664136746441,71.46471877487903,65.55054548942552,2,3,3,3,2,3,Elementary_Path
L0522,Elementary,1.6,7,36.2616517510134,45.24431840178034,45.86541420367777,50.483054757359845,57.9068621002584,41.65793001933551,1,2,2,2,2,2,Beginner_Path
L0523,Advanced,1.1,3,100.0,88.20997563686024,98.07039237251821,95.52483377074219,97.86017290814209,75.40027480855959,5,4,4,4,4,4,Advanced_Path
L0524,Upper-Intermediate,1.3,1,76.15824587226946,80.02236166702926,79.48764164467808,67.11891401075691,63.508203977832196,73.65396208236193,3,4,3,3,3,3,Intermediate_Path
L0525,Upper-Intermediate,1.9,4,78.89604524091988,85.60255529530932,86.25584593675,83.892722469311,80.24792575501321,58.95331643897893,3,4,4,3,4,3,Intermediate_Path
L0526,Elementary,2.3,2,27.79578991064874,25.483970871171135,52.767284115666904,51.82033705716011,41.21501209030495,50.35640225016609,1,1,2,2,1,2,Beginner_Path
L0527,Elementary,1.4,3,38.020335707827385,31.845586929501543,51.927537743382686,24.575216623346527,37.18585020221974,33.058413439086834,1,1,1,1,1,1,Beginner_Path
L0528,Elementary,1.2,2,58.87079776446287,58.09444101402648,68.69094582762851,50.99671977337926,49.28293653715031,41.80991969527147,2,2,2,2,2,2,Elementary_Path
L0529,Beginner,1.5,5,42.867741123825866,32.23110644231196,44.01279105544327,33.93970845587285,30.9570481334841,20.682703034752585,2,1,1,1,1,1,Beginner_Path
L0530,Upper-Intermediate,1.9,1,73.52794721314403,63.282792107419226,88.26422324191766,78.37179814541736,82.90617718839977,98.24167009402728,3,3,4,4,3,4,UpperIntermediate_Path
L0531,Upper-Intermediate,0.5,4,80.64842358600123,57.45839013004396,77.746485149558,82.44214840251814,83.14535459695324,53.46040440383686,4,2,4,3,3,3,Intermediate_Path
L0532,Advanced,0.5,5,100.0,79.44983298455891,100.0,89.95162047141818,70.97373763568558,85.09813740396405,5,3,4,3,4,4,UpperIntermediate_Path
L0533,Advanced,1.1,5,87.7895753646295,70.97630716576175,88.21665370664506,100.0,81.7169746042311,96.43304274330013,4,3,4,4,3,4,UpperIntermediate_Path
L0534,Intermediate,0.6,6,60.69369802658069,75.91094272732477,58.85856468752815,56.212931154365045,45.40213328082001,65.36385908587025,3,3,2,2,3,2,Elementary_Path
L0535,Intermediate,1.1,5,61.92596918731305,54.775639480194265,80.24517181115903,64.24817823053876,55.37370723407109,63.51342122173137,3,2,3,2,2,3,Elementary_Path
L0536,Upper-Intermediate,1.4,1,98.92109635273992,69.42049458237283,75.55053609104748,81.04942573637348,79.55175669868824,66.82771611778524,4,3,3,3,4,3,Intermediate_Path
L0537,Upper-Intermediate,1.2,3,54.006437355809744,75.88076675167832,96.01074306164392,72.02654031107268,72.57711901821612,83.51088946337002,2,3,4,3,3,4,Intermediate_Path
L0538,Beginner,2.5,1,46.83223014788808,44.6234516926657,53.91840579594813,45.787743079777826,34.10240759332865,44.133910908021825,2,2,2,1,2,2,Beginner_Path
L0539,Elementary,1.7,3,48.85197751240936,54.45888156554639,53.453502934391665,42.053270128378315,63.00176526813139,47.122996176604765,2,2,2,2,2,2,Elementary_Path
L0540,Beginner,1.7,5,45.667717261841794,45.73621943907572,26.867065279828417,33.774315809787815,16.951428274037113,37.40580757726592,2,2,1,1,2,1,Beginner_Path
L0541,Advanced,1.9,5,83.42627446005275,78.69154449209144,94.80681695728164,74.87511309663688,100.0,81.96077352384627,4,3,4,4,4,4,UpperIntermediate_Path
L0542,Intermediate,0.7,4,59.5103496914155,52.02133195043139,66.01630053533425,60.41409116370047,54.557117068445145,45.903479741669614,2,2,3,2,2,2,Elementary_Path
L0543,Beginner,2.2,3,47.114105794654954,42.69031655442276,56.67217733304373,41.25251675854344,39.218909898872106,47.37150975478716,2,2,2,2,2,2,Beginner_Path
L0544,Intermediate,1.4,5,91.1291020104384,49.7261093836038,80.88447176240112,69.7926315857923,54.72636662279891,68.12207993601533,4,2,3,3,3,3,Intermediate_Path
L0545,Intermediate,2.0,6,68.08036189402071,54.94893367972775,58.15012820856252,65.91140004355884,75.42888105539119,46.158908589700786,3,2,3,3,3,3,Elementary_Path
L0546,Elementary,0.7,2,41.51934401969491,48.987637644248146,63.011817639881826,45.15204443352567,37.6902150319474,43.46214834853808,2,2,2,2,2,2,Beginner_Path
L0547,Beginner,0.5,4,35.76240317977297,42.85185082310376,52.65402156013349,26.21820312665723,40.11736369721936,33.56576783541071,1,2,1,1,1,1,Beginner_Path
L0548,Intermediate,2.1,1,55.46585891616146,37.22319037629799,75.73412702410445,62.32850402519974,65.27438651859997,54.6734409625969,2,1,3,2,2,3,Elementary_Path
L0549,Elementary,1.8,4,32.04356827369985,52.147456498889454,59.98689912135544,59.10753172414642,33.88997232114832,45.64294878587582,1,2,2,1,2,2,Beginner_Path
L0550,Intermediate,0.9,2,56.69909808298563,52.66275942148275,45.5750230903823,65.55184973803944,50.80101829553846,64.46861461646179,2,2,2,2,2,2,Elementary_Path
L0551,Elementary,0.9,3,57.328290818217454,52.07457710864381,53.445775674722405,58.84477524857287,48.51821466501771,37.527826915132565,2,2,2,2,2,2,Elementary_Path
L0552,Upper-Intermediate,2.3,1,62.25767880923205,77.76931692354829,68.44292425083084,70.88110468801757,66.13334965315624,61.536530084873405,3,3,3,3,3,3,Intermediate_Path
L0553,Intermediate,0.7,1,70.48482651050593,71.07915061119158,62.973942270819265,53.33381031824354,51.844082287808504,67.36619742142975,3,3,2,2,3,2,Elementary_Path
L0554,Intermediate,2.6,3,64.87774821084338,68.53453647621203,74.80004236133894,50.63098647768201,56.50137336923562,50.37355258118702,3,3,3,2,3,2,Elementary_Path
L0555,Upper-Intermediate,0.9,7,67.65766678028962,83.46571662610296,83.05150835874973,72.44103533386405,81.49581331646174,57.369646464229334,3,4,3,3,3,3,Intermediate_Path
L0556,Elementary,1.9,7,48.584703626621526,59.43670319166238,66.48090866397433,47.214092040311805,46.57282223121855,40.1487005790013,2,2,2,2,2,2,Elementary_Path
L0557,Beginner,1.3,4,55.98321807641033,37.91378984815946,48.41753920713539,40.066776285391164,50.784261944729465,31.699472647559993,2,1,2,2,2,2,Beginner_Path
L0558,Beginner,1.9,5,47.33547813505866,35.321850870368394,32.01674060331097,36.70702542964492,30.022422173406454,50.54962727725765,2,1,1,2,2,1,Beginner_Path
L0559,Intermediate,1.1,7,60.08783654898148,63.728170831783345,39.79152993427265,56.66372270273229,47.48077739526548,64.24826212376738,3,3,2,2,3,2,Elementary_Path
L0560,Intermediate,1.4,4,57.623166830390154,62.32080951433022,66.48808761679591,50.23305947027856,79.26345405721133,66.47520616632242,2,3,2,3,2,3,Elementary_Path
L0561,Intermediate,1.5,7,60.76609070451659,51.9093376326174,62.86073533648835,67.41619013551491,53.42041872334489,63.19973642346786,3,2,3,2,2,3,Elementary_Path
L0562,Beginner,0.8,2,34.88236442057696,39.04823408808268,35.230542606181174,38.765180622437114,26.8908799292784,44.46243671615314,1,1,1,1,1,1,Beginner_Path
L0563,Beginner,2.0,6,18.952504942809853,34.64903533215406,27.99372750348622,36.25556065714718,22.579460582281698,28.11917873419682,0,1,1,1,1,1,Beginner_Path
L0564,Beginner,1.1,5,60.42177910534731,26.46067091539944,37.65256786527291,30.525707467507953,50.75103453808939,33.01397844646516,3,1,1,2,2,1,Beginner_Path
L0565,Elementary,1.3,4,51.553249991994015,57.9046074137635,53.05508515135224,34.68086889608914,46.586954853399405,35.10084686976451,2,2,2,2,2,2,Beginner_Path
L0566,Intermediate,0.8,6,63.981472651225374,55.551992425300895,71.6587782370639,71.07964192549343,57.462902649336016,52.89511969462966,3,2,3,2,2,3,Elementary_Path
L0567,Elementary,0.5,6,49.42092250123091,65.48708257698851,56.8863108156798,53.54638708131807,48.4079828841336,51.84104990934741,2,3,2,2,2,2,Elementary_Path
L0568,Elementary,1.4,7,42.64883199275412,28.745077298001675,71.0806724717273,31.76082157430033,60.12942884669781,46.34583284812247,2,1,2,2,1,2,Beginner_Path
L0569,Upper-Intermediate,3.2,3,73.1407551905123,64.43221227156634,69.64395943954605,80.63142300709657,73.2047016602408,83.11480818960295,3,3,3,3,3,3,Intermediate_Path
L0570,Elementary,2.0,2,34.006052378056886,45.326388366908716,63.81058892057433,57.224811702331095,73.44053778832625,33.585842077727804,1,2,3,2,1,2,Elementary_Path
L0571,Elementary,1.5,2,72.77086498053305,56.37381097628914,55.47298743128728,49.243761223009294,51.337605740542294,50.0023835069824,3,2,2,2,3,2,Elementary_Path
L0572,Intermediate,1.3,2,47.654880015776044,58.99469372602185,71.94669124118585,73.98110895751759,70.61784766958321,42.51697198130682,2,2,3,2,2,3,Elementary_Path
L0573,Elementary,1.5,5,39.68033716152821,48.10472754180751,50.63485136734457,50.16719642122883,58.052398579044066,45.941764691736424,1,2,2,2,2,2,Beginner_Path
L0574,Intermediate,1.9,1,55.597407956135996,43.727362074458526,75.7168037389059,43.831764720508104,59.63552679741962,62.40333422556479,2,2,2,3,2,3,Elementary_Path
L0575,Upper-Intermediate,0.7,5,87.88075724852378,58.43058602770529,82.95224758345243,76.65169001048321,69.13029013979536,67.8549743317578,4,2,3,3,3,3,Intermediate_Path
L0576,Upper-Intermediate,2.3,4,75.14508999262654,73.22504660289904,73.2055501508225,75.44897301712729,78.31963928566553,75.51126604086956,3,3,3,3,3,3,Intermediate_Path
L0577,Beginner,2.0,6,27.638642039695377,21.358940061816416,44.87975971086812,31.96703151221845,45.10098731207273,25.40267665167066,1,1,1,1,1,1,Beginner_Path
L0578,Upper-Intermediate,2.0,6,87.54338360757339,64.68122249710672,77.60444141062901,78.73558836877424,69.27413951873473,53.363100218036166,4,3,3,3,3,3,Intermediate_Path
L0579,Elementary,1.8,1,57.31000626785482,50.00917329085858,59.891783506377934,31.32334733809138,51.66338865950656,50.57029622487803,2,2,2,2,2,2,Elementary_Path
L0580,Elementary,1.5,4,55.384349572164524,35.17675727723224,43.202232506254916,57.905668274427896,62.36204978259596,62.44010234075733,2,1,2,3,2,2,Elementary_Path
L0581,Elementary,2.0,1,57.157342411708406,61.053559623618064,54.706482978843056,39.21878296394547,70.69947739069679,35.039550598301076,2,3,2,2,2,2,Elementary_Path
L0582,Advanced,1.9,6,100.0,97.2393634423789,98.95307252649332,78.15053874882967,98.54369320349421,97.22194180106796,5,4,4,4,4,4,Advanced_Path
L0583,Elementary,1.3,7,71.85094895036113,29.285800016616996,55.33023307193033,46.86175227692523,68.62759686380282,45.43423408816411,3,1,2,2,2,2,Elementary_Path
L0584,Elementary,1.1,5,43.13284656996704,35.67628756818013,68.46941244388995,52.329729280436354,43.70625788793544,31.64308478306924,2,1,3,1,1,2,Beginner_Path
L0585,Intermediate,1.6,2,76.23884992811152,32.142227555050496,72.74022774071052,59.63924063593429,67.01882252059293,43.68494698647837,3,1,3,2,2,3,Elementary_Path
L0586,Beginner,2.6,6,43.831681897589,27.174086374518666,44.925192032592534,30.573408342276217,53.385195085812725,35.1578477336065,2,1,1,2,1,2,Beginner_Path
L0587,Beginner,0.6,3,44.99095816137749,42.66388476572399,47.16689097497673,32.939107088081116,31.03666667028004,30.955377120758964,2,2,2,1,2,1,Beginner_Path
L0588,Beginner,0.5,2,23.077291683566713,30.861050577251433,47.95665551482,26.66957652622538,35.14409887954991,21.87087023241761,1,1,1,1,1,1,Beginner_Path
L0589,Beginner,1.6,6,38.29614234611804,39.60797243615968,49.03299604166824,35.7532009837013,57.3790476183525,18.05960718774595,1,1,2,1,1,2,Beginner_Path
L0590,Beginner,1.5,5,31.87176409663435,19.77665681718256,26.74342004335392,48.750212145109096,30.249011442130602,26.53280672073494,1,0,1,1,1,1,Beginner_Path
L0591,Beginner,1.6,1,48.28058814893309,42.97975254581905,41.98473704230653,37.95737062356124,26.588699673442893,36.93809008331118,2,2,1,1,2,1,Beginner_Path
L0592,Intermediate,1.7,7,70.71080500402805,49.448907720716505,50.155609318065736,66.59414254759453,75.27981573639511,54.93599247396862,3,2,2,3,3,3,Elementary_Path
L0593,Beginner,1.3,7,19.255136489836886,35.12169682282905,57.78280947459486,52.55401337726192,51.96763224980438,29.987620424999218,0,1,2,2,1,2,Beginner_Path
L0594,Elementary,2.5,2,49.7796513599573,44.07125498606947,54.391504799970726,42.11981480963033,54.32120243983769,47.01887194291483,2,2,2,2,2,2,Beginner_Path
L0595,Upper-Intermediate,0.5,5,86.21861504794252,57.28451479107716,78.06659050320377,71.13426746944636,74.54289245354173,80.40026719862688,4,2,3,3,3,3,Intermediate_Path
L0596,Elementary,0.9,7,48.13321037686555,33.469156682602176,63.96797332033235,69.71192861062495,45.61475494395018,48.941265104341475,2,1,3,2,2,2,Elementary_Path
L0597,Intermediate,1.4,7,67.29063645002364,64.67794469003427,69.22324797449875,72.44343411979945,62.81948873809051,53.786913286104195,3,3,3,2,3,3,Intermediate_Path
L0598,Beginner,0.5,4,43.511654676270844,38.98992157501696,33.713654856207924,21.275954741876475,55.7980695740155,44.28072006660689,2,1,1,2,2,1,Beginner_Path
L0599,Beginner,1.4,3,43.41660231952626,45.500490415534266,44.29094637472631,41.87148316060907,42.38566126142076,25.40149697783705,2,2,2,1,2,1,Beginner_Path
L0600,Beginner,2.7,2,37.286850219317024,38.24658235502518,41.64833026773615,38.00559992339696,61.66959267246966,32.750804604446486,1,1,1,2,1,2,Beginner_Path
L0601,Beginner,1.5,1,27.834191958642904,36.42990634809217,27.55467111393946,46.264531108587626,31.020580143597698,32.989120643996316,1,1,1,1,1,1,Beginner_Path
L0602,Elementary,1.7,7,38.784698525749725,27.739893813332333,48.09723766762795,40.550212325149445,49.803192456717305,32.630467415571545,1,1,2,2,1,2,Beginner_Path
L0603,Beginner,0.6,4,47.09352514455317,32.296333032388304,43.16459677983534,29.603916279593278,36.269413323360844,30.801258377156422,2,1,1,1,1,1,Beginner_Path
L0604,Beginner,1.1,5,40.19458255518883,34.72615679596256,43.850490685081574,31.239292847063904,29.14858456837667,14.25040319104697,2,1,1,1,1,1,Beginner_Path
L0605,Beginner,1.2,7,38.614877553927755,54.53107198272574,30.17768576322691,32.28071453801567,38.46916266990345,54.12178047662954,1,2,1,2,2,1,Beginner_Path
L0606,Elementary,1.3,3,45.76109957677647,51.86956632098677,66.51665583047476,56.153241668090146,54.1732930166044,35.62586211563687,2,2,3,2,2,2,Elementary_Path
L0607,Beginner,2.4,1,36.94811154519248,50.36061181709528,43.97896941108561,26.187988268511198,45.2423017995203,50.861141314213114,1,2,1,2,2,2,Beginner_Path
L0608,Elementary,1.9,5,60.46911794488139,50.97537705894728,55.37553076660563,41.77386100040681,71.70452178944556,45.380845057194925,3,2,2,2,2,2,Elementary_Path
L0609,Elementary,0.7,5,46.647559181319735,37.886967730505205,59.00641638339837,30.109876094985587,54.6446746972356,50.64864132155959,2,1,2,2,2,2,Beginner_Path
L0610,Intermediate,1.7,2,46.58935286698431,56.17124216149851,57.11923746096329,68.07117823412374,71.50136803679617,50.112002016490685,2,2,3,3,2,3,Elementary_Path
L0611,Beginner,1.8,7,47.43651775540173,37.36223646264233,49.56355973132696,50.7103009943114,40.66094246298976,37.079296919616745,2,1,2,1,2,2,Beginner_Path
L0612,Intermediate,2.3,2,57.95123336135283,45.60844430229318,61.32925353981817,54.72926569136214,76.78055600452595,61.50489639988436,2,2,2,3,2,3,Elementary_Path
L0613,Intermediate,2.6,1,60.31395865532777,51.15612623407079,56.03414459352808,55.02050635186777,83.98449285588069,61.64552414394182,3,2,2,3,2,3,Elementary_Path
L0614,Beginner,0.8,7,56.075783063995104,32.94233006322828,50.73447493355399,42.532219022828976,45.3108513097595,42.74773390074357,2,1,2,2,2,2,Beginner_Path
L0615,Upper-Intermediate,0.9,6,74.79439442649493,86.05619832565118,94.91673858801808,87.74482007378256,65.07340984548419,66.31667289960824,3,4,4,3,4,3,Intermediate_Path
L0616,Upper-Intermediate,0.6,7,77.89183673118725,49.192594746090215,87.24829373485832,77.08610747563917,69.51194977222832,65.19640327508645,3,2,4,3,3,3,Intermediate_Path
L0617,Beginner,1.3,6,28.210765087016746,47.05818420716043,54.22977565140431,31.024580575248855,42.81934303205162,19.058236747323964,1,2,2,1,1,1,Beginner_Path
L0618,Elementary,1.8,5,47.8033054764904,35.63204765040617,49.79369393437701,31.811774280135594,54.56498035250646,50.23219011176937,2,1,2,2,2,2,Beginner_Path
L0619,Upper-Intermediate,2.2,2,81.09526045208601,56.27920812730386,64.02380270831543,61.848737373365125,81.98425134384372,80.82378711323443,4,2,3,4,3,3,Intermediate_Path
L0620,Intermediate,1.4,3,44.446262661587575,66.79942130038464,79.90137522099842,58.73219450312465,64.6019768123004,71.1598167991793,2,3,3,3,2,3,Elementary_Path
L0621,Beginner,1.3,7,42.00845093115709,42.318980692343814,65.5451488940476,31.446724767992055,40.069849162559386,38.05172634580508,2,2,2,1,2,2,Beginner_Path
L0622,Beginner,1.6,3,41.00791072644806,47.5451870238119,60.42806773769682,39.949677059907586,33.638015587978714,27.33520227091431,2,2,2,1,2,2,Beginner_Path
L0623,Elementary,0.9,7,50.412874555874396,53.00701947545576,51.6421406102025,42.47075983763766,54.011382612642294,28.029038567105445,2,2,2,2,2,2,Beginner_Path
L0624,Elementary,3.0,5,60.37158898658243,65.59845001737402,43.453656612711555,37.418535687055886,68.54987357480657,55.416667330833505,3,3,2,3,3,2,Elementary_Path
L0625,Intermediate,0.5,2,63.344385148485216,60.587238369444854,54.34317302180433,46.22968368546929,70.19928605427755,37.03723433222464,3,3,2,2,3,2,Elementary_Path
L0626,Elementary,1.6,1,64.78071898356444,43.435226238768415,38.16267432385951,63.6235450937323,55.34703949636198,41.59395922256233,3,2,2,2,2,2,Elementary_Path
L0627,Elementary,2.9,1,40.06410484405964,48.42926377321343,53.926213815899544,56.88987749183643,60.29566923822751,42.75693172056354,2,2,2,2,2,2,Elementary_Path
L0628,Intermediate,1.5,1,61.35924567218348,67.43469128345964,81.05677958082455,75.30517951827959,56.28935971099148,54.30544862148981,3,3,3,2,3,3,Intermediate_Path
L0629,Beginner,1.4,7,40.844667863899474,27.20624674739883,43.583373681277564,43.39950900755103,34.917348539166795,35.3580260003584,2,1,2,1,1,1,Beginner_Path
L0630,Elementary,1.2,7,39.3074550624492,38.48111417468619,58.02322900348275,43.70008591385161,42.52214895634018,46.38147556367575,1,1,2,2,1,2,Beginner_Path
L0631,Intermediate,1.4,3,69.56295002091346,51.91039985402092,78.75596964304208,71.23340922489938,58.747133772305624,30.846367379214705,3,2,3,2,3,2,Elementary_Path
L0632,Upper-Intermediate,2.5,2,98.24673305852818,48.954172012346675,75.959046881676,72.66931998638232,70.77994103290919,70.14655909870126,4,2,3,3,3,3,Intermediate_Path
L0633,Elementary,0.5,7,49.82993925516169,46.38078408417547,75.35531456719595,50.208417702903525,62.08274740652139,22.70424425888123,2,2,3,2,2,2,Elementary_Path
L0634,Elementary,2.6,2,55.05021088273767,26.138712960489737,74.92094407497453,47.57175620924481,45.24676582317811,52.32218073090995,2,1,3,2,2,2,Elementary_Path
L0635,Beginner,0.5,3,40.84518475815327,35.53059312932619,43.68888661319517,8.530957807159854,31.972782837750835,29.44874844196388,2,1,1,1,1,1,Beginner_Path
L0636,Elementary,1.3,7,42.864153300928244,53.652897561352496,49.22465735980787,64.04735012294853,69.42577178830632,23.429632747766497,2,2,2,2,2,2,Elementary_Path
L0637,Elementary,1.2,1,31.792397221979837,40.23123539356165,61.97238046390313,52.91003945957753,45.48624768918656,36.85795322614624,1,2,2,2,1,2,Beginner_Path
L0638,Beginner,1.9,1,32.94226516904635,51.771158701868714,41.52475057481142,41.2982306086851,41.53528457250351,29.29924660815346,1,2,2,1,2,1,Beginner_Path
L0639,Elementary,0.5,5,36.08041619048269,30.394991005815122,43.434447829326636,47.38223937729439,54.513228247434114,56.90699617555005,1,1,2,2,1,2,Beginner_Path
L0640,Elementary,1.8,6,67.04102078059118,56.91260681631832,67.8123865352298,49.63427820386131,38.63306881079185,46.96637741750245,3,2,2,2,3,2,Elementary_Path
L0641,Beginner,2.9,4,38.84890306076761,41.751370564069205,57.1644738727708,32.02721064153752,52.354837695030696,38.4444494435058,1,2,2,2,2,2,Beginner_Path
L0642,Elementary,0.5,6,46.54080670952829,27.83966751689311,56.55511603763561,54.16579352307271,56.371190404112276,56.812216342206014,2,1,2,2,1,2,Beginner_Path
L0643,Beginner,1.6,7,48.89153824787806,62.10794299040533,32.37135246271822,24.929016556008676,55.583840118807814,34.03855712075511,2,3,1,2,2,1,Beginner_Path
L0644,Elementary,1.0,2,38.78248897144112,44.36254714496034,42.70473748782614,49.86068432470547,43.207780627819,52.54187961032403,1,2,2,2,2,2,Beginner_Path
L0645,Beginner,1.8,7,32.331359619954476,26.225159778443683,46.072292884191526,43.61573470571105,40.9912579247616,41.83861113931992,1,1,2,2,1,2,Beginner_Path
L0646,Upper-Intermediate,1.5,2,75.68072269248621,55.92912805215983,75.00128965494967,71.01330866177096,75.39355754994196,57.135305064305875,3,2,3,3,3,3,Intermediate_Path
L0647,Intermediate,1.1,2,70.2876899142348,52.79981972340326,61.589070678583916,61.708677924710244,62.638884943500216,69.7298357762983,3,2,3,3,3,3,Elementary_Path
L0648,Intermediate,1.8,6,65.01685045168789,53.725931276100404,75.21963155060004,48.086656077657494,45.45385251422839,40.796982199293055,3,2,3,2,2,2,Elementary_Path
L0649,Intermediate,2.8,4,62.48325142515882,56.02645528539664,72.33179317422558,48.34173229104036,61.108363786922226,64.17366649477847,3,2,3,3,2,3,Elementary_Path
L0650,Elementary,1.4,5,50.78117735236016,42.0220384377604,68.78142680497612,50.36717121026393,35.735360885762546,29.829269630943674,2,2,2,1,2,2,Beginner_Path
L0651,Beginner,2.0,6,44.002358555267755,41.33225310115093,35.09376776622742,44.78549654621052,43.583340711969214,41.01236788151673,2,2,1,2,2,2,Beginner_Path
L0652,Elementary,0.6,4,52.016529051292544,41.123701673367535,51.56808431313288,29.25134344498289,28.713508754814804,63.61914878150173,2,2,2,2,2,2,Beginner_Path
L0653,Intermediate,0.8,1,49.70027725223064,35.65035882759529,72.58981695460113,63.22020635110766,41.48413165709414,52.870213434497884,2,1,3,2,2,2,Elementary_Path
L0654,Intermediate,1.8,1,60.46079221633151,53.506385043503585,69.48078341012892,52.56798499623663,68.18548716439999,52.43644357146854,3,2,3,3,2,3,Elementary_Path
L0655,Elementary,2.5,2,39.26311341082247,21.325223466267218,70.32380382587621,46.07193912692588,44.53161544805217,51.10439999316849,1,1,2,2,1,2,Beginner_Path
L0656,Beginner,1.7,3,40.81082542900824,38.5377063089139,49.2053670590407,24.60482076434963,30.12141926367759,31.70603544037457,2,1,1,1,1,1,Beginner_Path
L0657,Elementary,1.3,7,45.19352058511758,35.20699769717365,73.48109104105552,39.48382759813292,62.70845621075548,63.18278703742821,2,1,2,3,2,2,Elementary_Path
L0658,Elementary,1.5,7,75.39381622782861,46.633603549158,60.40017801723141,57.66125325530311,53.27626217328415,46.92192249458696,3,2,2,2,3,2,Elementary_Path
L0659,Intermediate,0.6,2,59.601056162482884,68.14074981524604,75.6216744758866,58.32863373980213,68.72090195533784,51.79830491779274,2,3,3,3,3,3,Elementary_Path
L0660,Intermediate,1.9,3,45.95760433738411,45.51251304732,61.76485053215543,54.17221598290441,58.33757927679169,49.597144721043165,2,2,2,2,2,2,Elementary_Path
L0661,Elementary,2.1,4,48.658197893230756,55.61256258512118,55.14287211883989,46.83511647368965,76.79628693900003,35.67051529826979,2,2,2,2,2,2,Elementary_Path
L0662,Advanced,1.2,1,95.19358745637888,80.66610433313846,100.0,92.89211824664301,83.95486139440204,78.72245013242511,4,4,4,4,4,4,UpperIntermediate_Path
L0663,Intermediate,1.2,7,76.73363946152523,72.53194802065585,81.12978170593054,62.404944961633376,77.44495549359888,51.49326606341403,3,3,3,3,3,3,Intermediate_Path
L0664,Beginner,1.7,6,34.10547600061282,31.348473868017866,52.29236949310753,37.24972999603199,39.38633959900087,30.1236092650142,1,1,2,1,1,1,Beginner_Path
L0665,Beginner,1.2,3,24.1757202597636,26.595070144933086,44.168282280653806,48.92959110896668,23.45489605087254,28.41824725862896,1,1,2,1,1,1,Beginner_Path
L0666,Beginner,1.5,4,48.16837011430981,41.87238450395289,58.77335029528342,47.70462636906666,44.82848745748109,55.9884123035244,2,2,2,2,2,2,Beginner_Path
L0667,Beginner,3.0,1,26.19401294100349,30.64210270376364,23.08021343720119,42.13372029130396,43.147625614551636,24.6990492351051,1,1,1,1,1,1,Beginner_Path
L0668,Beginner,1.3,6,35.63844558492515,26.585504858709918,30.777654984931264,38.5461178291007,29.486781857607703,36.466325876461745,1,1,1,1,1,1,Beginner_Path
L0669,Beginner,1.2,3,37.42379514489006,30.221601492962087,51.81634223668389,44.57321095119539,30.777807228652854,40.92521009760872,1,1,2,1,1,2,Beginner_Path
L0670,Elementary,1.0,2,49.30366546699892,44.55393467816999,55.14108356253125,51.142674218011834,49.75302356915008,51.301079955837324,2,2,2,2,2,2,Elementary_Path
L0671,Beginner,2.0,2,46.89164457074335,48.42180131244854,51.055136511241656,48.60800071805947,43.497478152479815,34.41392924217528,2,2,2,1,2,2,Beginner_Path
L0672,Upper-Intermediate,1.4,2,68.16365717713612,50.65912254540423,80.64407522431942,81.99561376738308,50.29336717120599,67.5929742815269,3,2,4,2,2,3,Intermediate_Path
L0673,Beginner,1.0,7,37.262707478332395,35.230806589504205,50.70945694603873,27.817460985822713,50.53121452523803,39.515474912395064,1,1,1,2,1,2,Beginner_Path
L0674,Elementary,2.4,4,49.857296470506114,51.24903594654043,46.8559717900681,37.140368292582934,45.055020261850224,47.665216499782005,2,2,2,2,2,2,Beginner_Path
L0675,Elementary,2.5,2,51.49597957518788,46.93448574991796,60.704860860796906,40.987504555959234,36.68252515601824,42.41041165232487,2,2,2,1,2,2,Beginner_Path
L0676,Advanced,1.1,7,90.97827174707923,98.09865169433535,100.0,97.76138690066921,99.41066551451931,69.38121428275569,4,4,4,4,4,4,Advanced_Path
L0677,Beginner,0.5,5,44.3600577522258,34.25654670241476,57.205506039312326,22.236910032287543,39.763820205815435,30.320762776667525,2,1,1,1,1,1,Beginner_Path
L0678,Elementary,2.2,7,58.43839509641737,43.15448557814055,75.13554294648699,51.947573891079934,62.16165776782255,33.53449836292542,2,2,3,2,2,2,Elementary_Path
L0679,Advanced,1.0,1,93.92634115650968,90.92329547013344,97.44098443502386,91.62543091092961,94.37952262979755,78.32840449933673,4,4,4,4,4,4,Advanced_Path
L0680,Upper-Intermediate,2.1,7,79.53585523509219,70.9931381495135,82.73911086847178,84.62648058686193,74.98485497051954,70.33223238516959,3,3,4,3,3,3,Intermediate_Path
L0681,Upper-Intermediate,0.5,4,59.17776833253522,66.0959126171953,64.76827535826152,74.80338690663888,73.47270055019844,73.58736143996616,2,3,3,3,3,3,Intermediate_Path
L0682,Elementary,2.1,6,50.50227699165681,50.1614403958638,49.68588598861575,34.56790609416099,54.82712760556138,62.80452751292406,2,2,2,2,2,2,Elementary_Path
L0683,Beginner,0.7,7,44.79507548001609,28.47471706783355,43.069179259933875,28.40645039351877,35.8646874119067,29.62593621096186,2,1,1,1,1,1,Beginner_Path
L0684,Intermediate,2.0,2,67.2894119457045,48.88822847980673,75.50319552276355,46.18004478102175,51.47427411253501,62.74625635275151,3,2,3,2,2,2,Elementary_Path
L0685,Upper-Intermediate,1.5,1,68.07649225766205,64.72005978234387,73.88998875910372,67.6205603366686,81.09909122654643,73.05960024437836,3,3,3,3,3,3,Intermediate_Path
L0686,Intermediate,0.8,3,53.40960725111355,68.53069160166407,72.96340019748833,56.17098432576073,58.5551215855557,67.9599767063979,2,3,3,3,3,3,Elementary_Path
L0687,Intermediate,1.2,2,54.258993247164014,22.789836440142864,64.9837828303662,46.34558473778943,60.33567648069006,60.76228719595626,2,1,2,3,1,2,Elementary_Path
L0688,Elementary,2.0,1,55.36413899891343,48.95598834762942,53.22831884885238,62.70661990652289,60.893798361546075,34.91518572713684,2,2,2,2,2,2,Elementary_Path
L0689,Intermediate,1.6,5,70.33881054924208,55.34271814200222,67.48893969133256,44.74718628047559,58.86123392264259,37.76953970708769,3,2,2,2,3,2,Elementary_Path
L0690,Beginner,1.9,3,35.92539892708398,18.191295407618796,41.08843627747157,51.461034238624805,40.150339255417904,38.11261699667505,1,0,2,1,1,2,Beginner_Path
L0691,Elementary,2.9,5,59.07962313627049,48.097267791360025,50.709627519073344,59.851630314393404,44.003504885490685,39.71549002099609,2,2,2,2,2,2,Elementary_Path
L0692,Elementary,0.5,6,51.23479809164594,49.75751991831532,37.95214094209885,56.98302549689035,54.30739933981851,35.196862540494024,2,2,2,2,2,2,Beginner_Path
L0693,Elementary,2.6,1,48.757142228375635,50.896392313574,52.52045792672111,41.0623339250325,53.49827912680088,32.324222954669224,2,2,2,2,2,2,Beginner_Path
L0694,Beginner,1.6,5,37.88615770182031,8.481719369550511,40.20031853851273,41.424508791769014,49.00775131790558,36.60975497587155,1,0,2,2,1,2,Beginner_Path
L0695,Beginner,0.9,6,47.46611364602157,48.663894118544384,39.840190106509205,25.226288664493822,34.20871162993124,50.077076993133645,2,2,1,2,2,1,Beginner_Path
L0696,Intermediate,0.6,1,63.2557781678707,47.622632953151594,69.16873062590041,67.10907035033749,55.421830304098144,50.913276542939585,3,2,3,2,2,3,Elementary_Path
L0697,Elementary,1.4,1,72.75825427647638,51.86567746753176,61.5863195279051,47.26015218463731,57.92137399145469,50.90270311075322,3,2,2,2,3,2,Elementary_Path
L0698,Intermediate,2.1,5,51.477753570026756,62.41073780682286,67.32194504642328,53.906797854133146,62.522130033628635,53.977336497824076,2,3,3,2,2,2,Elementary_Path
L0699,Beginner,1.4,1,45.181017020299755,26.233029143807073,54.95415190449474,25.762551533437307,30.937818738073055,22.10617910896607,2,1,2,1,1,1,Beginner_Path
L0700,Elementary,2.6,2,44.70798990188487,51.6045995235155,60.75561925830365,23.224938813709834,63.065540677345005,52.348113435104175,2,2,2,2,2,2,Beginner_Path
L0701,Elementary,0.5,1,41.30713013011356,41.145067590876415,52.04943810194358,37.614591429642445,33.015494315997486,34.053079559726285,2,2,2,1,2,1,Beginner_Path
L0702,Beginner,1.5,4,39.89132862965028,14.286228206618429,40.3714371428562,49.12798195612906,47.84284753263752,35.21626630593565,1,0,2,2,1,2,Beginner_Path
L0703,Elementary,0.6,6,51.37352479407036,56.67741925527779,58.128222367668464,43.97166571525196,37.347879640018036,41.58479584994695,2,2,2,1,2,2,Beginner_Path
L0704,Beginner,1.8,1,69.18173555060093,27.2495503698376,50.73767109901901,36.306711428849525,58.85788516485527,43.930774345656914,3,1,2,2,2,2,Beginner_Path
L0705,Beginner,2.1,4,38.15854184316798,26.45506537261946,58.97844307031498,44.555543582884525,24.554002730943765,24.418490075293136,1,1,2,1,1,1,Beginner_Path
L0706,Advanced,1.2,1,78.69821270515317,80.96934131963278,100.0,100.0,100.0,88.9086990780196,3,4,5,4,3,4,Advanced_Path
L0707,Elementary,0.5,1,52.73010717494385,47.72236725327388,49.58526993492831,61.250046549456385,49.18365639988756,36.602025926512994,2,2,2,2,2,2,Beginner_Path
L0708,Upper-Intermediate,1.6,5,54.25359962453632,69.42729589177898,78.97993719872738,63.27664996183812,71.33397430161256,64.88894787671215,2,3,3,3,3,3,Intermediate_Path
L0709,Elementary,1.8,2,49.08043217395734,50.4806692470717,61.7101780491777,28.574294285625935,51.85396656467761,8.64799772459898,2,2,2,1,2,1,Beginner_Path
L0710,Intermediate,1.8,6,60.160252822951605,41.60510633471341,75.67997778058972,81.59614259100104,66.31900339157814,75.92098571617909,3,2,3,3,2,3,Intermediate_Path
L0711,Intermediate,2.4,2,67.94600382945211,47.576136295692656,74.38969468704792,80.68991611659453,50.9559949766913,60.50556932826232,3,2,3,2,2,3,Elementary_Path
L0712,Intermediate,0.8,3,69.73622249427846,53.84002927678466,64.36122167168654,59.88453596429283,51.84212274831428,47.32652514061836,3,2,3,2,3,2,Elementary_Path
L0713,Elementary,2.0,5,44.96430381092283,63.97887292658706,42.45977347571483,35.295117544181785,56.49604865112886,33.75344311667006,2,3,1,2,2,2,Beginner_Path
L0714,Elementary,2.3,5,48.49385985370067,43.86187461586242,45.01063623754409,57.63226533893939,32.926570463504,40.0435124712066,2,2,2,1,2,2,Beginner_Path
L0715,Elementary,0.5,2,42.33879169389329,55.85222263661632,57.72633514319414,46.9201631398739,44.15770906807914,52.168795348194514,2,2,2,2,2,2,Beginner_Path
L0716,Upper-Intermediate,1.7,7,63.71937445192306,70.38555168784318,83.42225579424345,71.8701887689339,100.0,51.079150744150745,3,3,3,3,3,3,Intermediate_Path
L0717,Upper-Intermediate,1.1,5,78.09894779380635,65.16341362562432,69.01320626565615,81.94458843105129,65.3198703541072,68.58415580705662,3,3,3,3,3,3,Intermediate_Path
L0718,Advanced,1.4,2,77.264144514034,82.5327557588556,95.44569610889272,91.34374746873299,100.0,100.0,3,4,4,5,3,4,Advanced_Path
L0719,Beginner,1.7,5,35.85373099428137,33.315802879711185,51.31224356971783,26.14185088985055,34.14049231286188,23.660536640321958,1,1,1,1,1,1,Beginner_Path
L0720,Intermediate,1.2,1,50.048260401007624,61.036457389607385,53.48773342492856,54.75258064918026,65.09045144797145,55.80385038763655,2,3,2,3,2,2,Elementary_Path
L0721,Upper-Intermediate,1.0,2,80.4968318629026,83.74611267576554,91.04997201804414,79.61152928661346,81.54355690596218,92.03309815257758,4,4,4,4,4,4,UpperIntermediate_Path
L0722,Beginner,1.5,2,58.01430099266488,38.59680847686321,41.22468851440175,43.10252222405018,51.289567351829476,41.32151629690773,2,1,2,2,2,2,Beginner_Path
L0723,Beginner,0.7,4,26.984120171966687,46.870776787417554,57.57613112576651,40.62016574358476,37.99746173187224,36.259238204854555,1,2,2,1,1,2,Beginner_Path
L0724,Intermediate,0.7,5,41.46981517102431,45.352102623703146,59.665475542241,67.33422954475864,79.88884638754854,60.066364549090025,2,2,3,3,2,3,Elementary_Path
L0725,Intermediate,2.0,5,58.751131146499326,50.85369491185969,54.73374517115821,54.382830121827354,54.1066343541482,50.99134664990298,2,2,2,2,2,2,Elementary_Path
L0726,Upper-Intermediate,0.7,2,75.15697795957759,62.75697465792333,75.4186301015828,74.78669775219072,77.3422041359956,82.9963128530344,3,3,3,4,3,3,Intermediate_Path
L0727,Beginner,2.0,1,42.18659306757298,38.14444590874852,44.048518769226796,4.244208998223996,42.452769322176074,31.00669977099788,2,1,1,1,2,1,Beginner_Path
L0728,Intermediate,1.8,1,55.53679484765655,51.41041614820586,61.11520093228519,53.50349806157186,48.780318800505846,35.408183912640226,2,2,2,2,2,2,Elementary_Path
L0729,Beginner,0.5,6,37.99360701174568,42.297729370341955,42.83998578426887,45.63902908575644,37.1412774502088,31.0869689605954,1,2,2,1,2,1,Beginner_Path
L0730,Beginner,1.0,1,43.67510410540602,25.689982883675583,48.3396514967619,34.09605532882858,41.61513499238407,25.332654701232965,2,1,2,1,1,1,Beginner_Path
L0731,Beginner,2.3,5,50.40430892644839,35.430309733212816,43.288206302036,33.33772608282888,35.6787895687058,32.188059878025705,2,1,1,1,2,1,Beginner_Path
L0732,Upper-Intermediate,0.8,7,55.449512296817176,76.86857911012257,79.33887606047993,62.585470482251814,99.40923965456534,67.40915940919369,2,3,3,4,3,3,Intermediate_Path
L0733,Intermediate,1.2,4,56.310605609685375,34.3469722495939,47.90773600797404,68.03365892729146,51.61376326400469,66.97423199804908,2,1,2,2,2,2,Elementary_Path
L0734,Elementary,1.8,2,52.13808793941063,66.21631307330203,58.91698016010473,53.484632735405704,61.79424468140428,51.952927266643854,2,3,2,2,2,2,Elementary_Path
L0735,Elementary,2.0,3,40.82023895389264,42.16848115120124,54.10796702308332,56.25414597823085,58.56459813148786,47.632654875753964,2,2,2,2,2,2,Beginner_Path
L0736,Upper-Intermediate,1.3,4,92.311696317673,49.74960086323827,96.1029298048287,55.737860380421104,74.86137865495729,69.97054588667405,4,2,3,3,3,3,Intermediate_Path
L0737,Elementary,1.1,7,43.64590119771263,46.58093898576786,45.604348327460414,46.39549956734366,41.34790946147753,34.411419911420055,2,2,2,1,2,2,Beginner_Path
L0738,Upper-Intermediate,2.5,3,74.58707312992718,70.33443467973152,61.91704671500486,70.19888992249994,67.3174467960823,48.18824762334323,3,3,3,2,3,3,Intermediate_Path
L0739,Elementary,2.7,4,55.56022096842291,44.18105620427507,61.18068493930042,45.194282934014474,44.820327007834905,46.13160011392783,2,2,2,2,2,2,Beginner_Path
L0740,Elementary,2.2,1,44.087152111981055,54.91191112926666,58.46527018313,41.83972456282044,32.14258718053737,52.946412035736586,2,2,2,2,2,2,Beginner_Path
L0741,Elementary,1.6,5,31.534269521955828,52.47444971427056,44.91566979468854,44.538957282199846,39.965345742007095,43.91666116755411,1,2,2,2,2,2,Beginner_Path
L0742,Elementary,0.9,7,45.71345473083467,47.978761910238454,39.702510449959085,56.49644782706652,35.17523484636357,39.651456772132995,2,2,2,1,2,2,Beginner_Path
L0743,Intermediate,0.9,3,70.2944055592704,59.501556339466475,80.3739673068429,38.8714864665217,73.45875003177717,59.64502165214213,3,2,2,3,3,3,Elementary_Path
L0744,Elementary,1.9,7,46.631048732148614,43.956415505619134,69.14110390606781,65.77294768030454,56.184623923882185,44.16667799375653,2,2,3,2,2,2,Elementary_Path
L0745,Beginner,1.8,4,31.535656985410213,52.75490849240048,20.125432412938707,42.83841125026461,47.85974098865461,51.857441919739614,1,2,1,2,2,2,Beginner_Path
L0746,Upper-Intermediate,2.5,5,84.25672209502721,55.208039816422335,75.41776970743499,72.57668104339787,80.88831951541948,82.32728342068285,4,2,3,4,3,3,Intermediate_Path
L0747,Elementary,2.0,7,46.692251039769474,46.396516742158965,71.64192054783899,57.06834146372926,51.66967623334163,54.59508057023329,2,2,3,2,2,2,Elementary_Path
L0748,Elementary,0.5,3,44.89839186349783,45.6502463118878,50.23937442222133,33.48165254831565,64.60680332129137,52.57734114209904,2,2,2,2,2,2,Beginner_Path
L0749,Upper-Intermediate,2.2,2,76.49456089663309,78.13280406064592,75.09387765973348,66.35299094848986,68.89237344268263,57.09832585548543,3,3,3,3,3,3,Intermediate_Path
L0750,Intermediate,0.8,4,67.70750209618788,46.561461225751,62.17240672370632,56.78924567609446,61.06669655367045,61.629937020526,3,2,2,3,2,3,Elementary_Path
L0751,Beginner,1.2,2,63.81713531732546,17.56327397603464,33.79103026231841,51.65560370432178,47.47058827824123,38.76325957646575,3,0,2,2,2,2,Beginner_Path
L0752,Upper-Intermediate,1.7,1,83.27236107657423,71.56823016098193,62.95224255771956,72.53503418873441,61.78790768143871,76.06424728391164,4,3,3,3,3,3,Intermediate_Path
L0753,Intermediate,2.9,2,71.59839966388344,57.812304922186044,75.5254731073475,62.50054671185146,90.96588896142549,59.92609486813053,3,2,3,3,3,3,Intermediate_Path
L0754,Elementary,3.7,2,44.940338010121444,59.89599409447649,36.57063093752325,42.10421004063872,50.28565762777586,49.527625878480656,2,2,1,2,2,2,Beginner_Path
L0755,Beginner,1.9,6,29.741318940305238,22.296379536749136,47.47271452108756,42.868420689674906,41.41989450575593,62.00866469549595,1,1,2,2,1,2,Beginner_Path
L0756,Intermediate,1.4,4,60.62331349619123,66.5469376671672,73.8657949275765,74.77239592974456,72.56878031674921,54.23814330048081,3,3,3,3,3,3,Intermediate_Path
L0757,Intermediate,1.9,1,61.07169915259596,78.67414364027121,50.48773701098842,67.95526691674114,69.14955333010224,64.3633738082933,3,3,2,3,3,3,Intermediate_Path
L0758,Elementary,2.1,2,39.214872586354026,41.22235112477523,45.757315974049284,47.18544012222121,50.38078019396459,40.29010189735997,1,2,2,2,2,2,Beginner_Path
L0759,Upper-Intermediate,1.3,5,73.24705470095986,57.09057780506776,92.1317918839159,79.75490847265469,76.30129438098042,77.90641583887673,3,2,4,3,3,4,Intermediate_Path
L0760,Intermediate,2.8,3,63.99317601719131,50.93025633626629,70.3289172022704,63.77516954607212,44.95851469052021,64.39319890232456,3,2,3,2,2,3,Elementary_Path
L0761,Beginner,1.7,2,43.6039339501808,35.140049673713804,38.82714293121113,43.06587671697276,34.435342221500235,38.64426077135348,2,1,2,1,1,1,Beginner_Path
L0762,Elementary,1.8,1,55.042878533842725,50.63787875006915,67.02249003361172,59.11953360860409,55.172102161589606,61.692469423765004,2,2,3,2,2,3,Elementary_Path
L0763,Beginner,2.0,2,42.90964730137443,29.086052701619526,57.06535723454302,49.04477703837466,44.43892839042886,26.157239636395825,2,1,2,1,1,2,Beginner_Path
L0764,Intermediate,1.8,3,54.929913407299445,70.55198534147343,67.69052693015708,56.728414031251155,72.21165750004087,50.127790583317775,2,3,3,3,3,3,Elementary_Path
L0765,Beginner,2.1,1,34.86099373351157,23.854676849919382,35.99839772126337,44.41879061477769,38.79498941776676,37.123800860234894,1,1,2,1,1,1,Beginner_Path
L0766,Intermediate,1.1,4,48.010486020061236,37.607948478272,60.86551296528205,54.16905078840206,46.12713486569134,63.80806853484222,2,1,2,2,2,2,Elementary_Path
L0767,Intermediate,1.1,1,77.84775039185095,66.06710424287317,67.8638674395539,48.769276036844225,70.56730430775679,56.79429521294933,3,3,2,3,3,3,Elementary_Path
L0768,Upper-Intermediate,0.7,4,75.13450364619293,47.253789687938,78.11405170852512,70.30506244296014,89.36089346182015,82.85759036510566,3,2,3,4,3,4,Intermediate_Path
L0769,Elementary,1.8,1,47.75146944205148,42.95870231127284,64.38957178234851,47.23721848260417,58.9824457285623,38.3831012903368,2,2,2,2,2,2,Beginner_Path
L0770,Upper-Intermediate,2.0,7,65.71207918547542,100.0,64.70225919890663,56.38419010822008,73.36366329142508,58.59421510511446,3,5,3,3,4,3,Intermediate_Path
L0771,Beginner,1.8,3,69.35657902327779,34.87956447040069,30.057364709337612,46.6033255941672,50.44386051876579,38.081283365365046,3,1,1,2,2,2,Beginner_Path
L0772,Upper-Intermediate,2.7,3,64.26671967777105,58.7923234930375,81.80871111482432,45.32674577397602,100.0,69.22819723886303,3,2,3,4,3,3,Intermediate_Path
L0773,Beginner,1.5,1,35.71152074393927,34.426025362132066,40.08455586193095,65.14816939486322,41.151523144404756,40.4286372035822,1,1,2,2,1,2,Beginner_Path
L0774,Elementary,2.0,7,54.15836836286061,44.49199211380466,48.72951385302259,63.01879133796319,36.88263307754875,44.72597709133496,2,2,2,2,2,2,Beginner_Path
L0775,Intermediate,0.7,2,66.00212965744278,56.60649940353117,47.319432808256025,55.389912758276864,54.13714950447848,51.59980209376543,3,2,2,2,3,2,Elementary_Path
L0776,Beginner,1.2,3,49.579320552156844,41.6226298215962,45.19545844798182,38.094263605637735,46.25476000304051,34.250624282762764,2,2,2,2,2,2,Beginner_Path
L0777,Beginner,2.0,4,58.07608507769263,24.608888316322606,44.472448919992345,41.029718735872834,23.95195689101937,35.288488947931846,2,1,2,1,2,1,Beginner_Path
L0778,Intermediate,2.1,4,65.06157655460713,71.87548055236793,71.53478981951741,52.108396120110584,61.69403074912069,51.950187001516696,3,3,3,2,3,2,Elementary_Path
L0779,Intermediate,1.3,5,49.439692000333324,57.45114284372618,65.68906133120971,59.926191475869366,63.80336650315883,52.96867953676572,2,2,3,2,2,3,Elementary_Path
L0780,Intermediate,1.4,6,57.430548748782186,62.26794046401804,63.67395921759503,56.56000022298339,75.35121739812652,50.9640666301309,2,3,3,3,2,3,Elementary_Path
L0781,Intermediate,0.5,7,63.07832372513885,48.718506002443576,76.77000636790338,57.05727282769034,73.10194856054301,63.56665119869407,3,2,3,3,2,3,Elementary_Path
L0782,Elementary,1.3,6,70.68226041505824,57.86382136995533,41.8753269655145,49.814610634806385,58.64584791751771,46.940210045057995,3,2,2,2,3,2,Elementary_Path
L0783,Elementary,2.1,6,36.02194521575703,42.42947591186935,60.36389218847576,34.86472201646006,28.373209894854703,67.56752472168766,1,2,2,2,1,2,Beginner_Path
L0784,Elementary,1.9,4,62.025765052252275,47.775525134935314,38.28852835204651,48.39569724133648,59.21053128047925,46.607045512784616,3,2,2,2,2,2,Elementary_Path
L0785,Beginner,1.9,5,41.79914369546417,25.668939228128906,36.61638119999192,39.63447746617477,47.05513386060247,29.49142529671338,2,1,1,1,1,1,Beginner_Path
L0786,Upper-Intermediate,1.5,6,83.3783053522948,60.030683735978734,67.87342867376687,74.28849621355914,77.55944377078346,96.70675374863065,4,3,3,4,3,3,Intermediate_Path
L0787,Intermediate,1.5,6,58.98005283364068,61.882053064528826,72.81942535451918,55.84169244563846,42.697778738545146,59.136263777143355,2,3,3,2,3,2,Elementary_Path
L0788,Elementary,1.0,1,41.575673698736736,40.56393169792614,54.34589766404606,59.37857775969372,42.2322609081294,54.901247868928166,2,2,2,2,2,2,Beginner_Path
L0789,Elementary,2.0,1,57.50872779401332,36.46176912495623,54.86496755407023,44.46347445118449,38.33177230465934,50.921029832024914,2,1,2,2,2,2,Beginner_Path
L0790,Upper-Intermediate,1.8,1,81.54431027105622,63.5681665797297,68.93267012270549,75.27325906823191,54.849915604929095,76.23011029297749,4,3,3,3,3,3,Intermediate_Path
L0791,Beginner,1.8,2,49.72056965739722,41.98953071717421,42.00306504067111,50.972975339255456,39.97084848585205,40.35654051352474,2,2,2,2,2,2,Beginner_Path
L0792,Intermediate,1.1,6,59.866953646213645,48.70962138796389,57.36534696690888,57.206238599796876,52.0217787855722,43.97915435223935,2,2,2,2,2,2,Elementary_Path
L0793,Elementary,0.5,2,44.001779766801505,43.82345068397836,58.834550148542164,50.14463267467551,76.25305580268912,48.67529047561412,2,2,2,3,2,2,Elementary_Path
L0794,Intermediate,2.3,5,44.412130049761586,55.15027750287097,55.08908864668386,57.036153636851026,58.312280605620906,41.75138696149761,2,2,2,2,2,2,Elementary_Path
L0795,Beginner,1.2,7,48.19373268139407,15.826511139897011,58.29794365205076,50.37369793563599,52.9375315586596,33.25637163587466,2,0,2,2,1,2,Beginner_Path
L0796,Upper-Intermediate,0.9,4,79.23889482443985,55.28873594626482,63.24419550375906,70.42275438413705,59.309009753067755,62.743825434367125,3,2,3,3,3,3,Intermediate_Path
L0797,Upper-Intermediate,2.0,6,65.34217367136041,73.36277889247563,71.93480167543439,85.83354577288206,69.6991041399513,73.57470185848724,3,3,3,3,3,3,Intermediate_Path
L0798,Intermediate,1.2,4,54.614263267033756,47.629706388473025,81.77200509966096,56.964121053529354,60.96897876034315,58.34126247338234,2,2,3,2,2,3,Elementary_Path
L0799,Intermediate,2.2,7,55.332411880485594,65.56724911280418,60.64861252037966,49.40540276551983,50.91846051392329,59.81145890765187,2,3,2,2,3,2,Elementary_Path
L0800,Upper-Intermediate,1.9,1,60.17015568017582,79.66807104250545,66.85121335595588,79.79373170574121,70.77799315195256,72.87296572749088,3,3,3,3,3,3,Intermediate_Path
L0801,Intermediate,2.0,6,51.82317603394866,62.19168666355437,67.19071562537668,54.95332166244344,57.820490937564614,48.931746582136014,2,3,3,2,2,2,Elementary_Path
L0802,Beginner,0.5,3,28.66169643193646,53.197717873125974,40.24607757785458,44.20500899099163,37.66092014555105,32.3899651064832,1,2,2,1,2,1,Beginner_Path
L0803,Intermediate,2.3,2,55.87520988112063,54.169106722568166,56.64129744381694,30.70595615076266,78.55118573035347,64.20396161254484,2,2,2,3,2,2,Elementary_Path
L0804,Intermediate,1.7,2,52.61302501670437,61.488819259038394,54.04129189201282,58.05205261894946,63.7822628543151,65.678566772944,2,3,2,3,2,3,Elementary_Path
L0805,Elementary,1.2,6,33.72995079133251,39.15599023403969,82.68373605625943,43.40394701242519,54.79510562941303,33.5321690137345,1,1,3,2,1,2,Beginner_Path
L0806,Intermediate,1.6,7,80.22590230569482,79.52369912868724,62.48448099815864,47.36741313468722,65.39654774345071,39.69072367487354,4,3,2,2,3,2,Elementary_Path
L0807,Upper-Intermediate,0.5,1,87.52540731029231,89.83633652436019,60.74432639667123,67.467589981602,81.12626377337112,62.73110616795288,4,4,3,3,4,3,Intermediate_Path
L0808,Upper-Intermediate,1.8,2,67.20980578480014,70.11880434517792,94.93709759005534,67.26296855707348,74.17113016125134,80.4520758203225,3,3,4,3,3,3,Intermediate_Path
L0809,Elementary,0.8,1,52.7242139665361,48.86586229905192,61.11070905110571,47.52014205149419,46.79253628521154,57.14884030183035,2,2,2,2,2,2,Elementary_Path
L0810,Beginner,0.6,5,44.17465089821295,48.592975993648054,37.33533568980212,24.326735387150443,41.668160595182776,25.752881195988284,2,2,1,1,2,1,Beginner_Path
L0811,Advanced,0.5,4,100.0,83.52860495185892,85.66880911313858,91.16273780259714,100.0,88.07309353736338,5,4,4,4,4,4,Advanced_Path
L0812,Upper-Intermediate,2.3,7,66.81394973339921,63.433759292002954,86.73472796158231,86.66214785205788,86.26238188436383,88.34431333140088,3,3,4,4,3,4,Intermediate_Path
L0813,Beginner,1.1,3,50.92106783982426,43.73989751006883,42.53081672510545,40.80928496947826,37.596015243115886,39.15311477240334,2,2,2,1,2,2,Beginner_Path
L0814,Upper-Intermediate,2.6,4,69.52094695793065,70.7843924608367,60.74022181554899,81.08988609229009,82.67843694668112,84.21503285233094,3,3,3,4,3,3,Intermediate_Path
L0815,Upper-Intermediate,1.1,4,61.641375958313866,71.8299444964526,97.87239964604669,83.94562454613795,73.05415336960333,79.98726570083099,3,3,4,3,3,4,Intermediate_Path
L0816,Elementary,0.5,5,57.24136559314498,36.65728656932035,50.66009537784043,60.36489512184177,50.33870549435244,35.89801293772089,2,1,2,2,2,2,Beginner_Path
L0817,Intermediate,0.7,2,72.90758424122428,37.82327851636604,79.95571736482427,76.70138692821305,55.264766184458026,53.10018576502922,3,1,3,2,2,3,Elementary_Path
L0818,Elementary,2.4,3,75.87908973530685,47.36142409879101,67.78434957965715,43.0079800172407,48.18354861093766,45.347544782918476,3,2,2,2,3,2,Elementary_Path
L0819,Beginner,1.4,2,28.002747349097866,44.049620414942,34.98990455517186,30.815160148388834,53.4133006954968,36.0413338802134,1,2,1,2,1,1,Beginner_Path
L0820,Elementary,1.1,6,56.989196850807886,42.74193250923958,65.33189864363148,55.83465648324734,50.92421147339236,54.16328953438571,2,2,3,2,2,2,Elementary_Path
L0821,Upper-Intermediate,1.6,4,70.90198756206468,84.36429519558867,73.48557450136319,80.08266219657399,76.35282508552318,74.08684762275408,3,4,3,3,3,3,Intermediate_Path
L0822,Beginner,1.9,6,47.83358710524031,27.960836745844553,26.332994131960582,45.75675299615689,25.527822207420417,5.6379905622188495,2,1,1,0,1,1,Beginner_Path
L0823,Elementary,2.3,1,35.295104487687496,34.4529554503408,50.754018339778575,66.89282454250252,46.907560923672705,31.87159726907274,1,1,2,1,1,2,Beginner_Path
L0824,Elementary,2.5,4,37.37230224301436,44.32769692803869,58.97637501776279,48.11369908798494,47.58685096255272,23.12619085023957,1,2,2,1,2,2,Beginner_Path
L0825,Elementary,1.2,2,42.24125176833516,44.174074246487095,50.37263352003662,52.26156559646185,41.70856514556595,46.75365240655334,2,2,2,2,2,2,Beginner_Path
L0826,Upper-Intermediate,0.6,4,75.78964045668084,77.69968731335223,76.92951659074899,63.19611748516525,75.21665411703563,72.40487649467761,3,3,3,3,3,3,Intermediate_Path
L0827,Elementary,1.2,1,43.58918733461645,37.25037175936015,66.43566044928613,69.35321123975957,45.70817709772346,47.83224958610718,2,1,3,2,2,2,Elementary_Path
L0828,Elementary,1.7,5,56.590543439134194,58.680942368148976,56.064939802900916,44.63455078790889,50.79995855243582,35.41071732285384,2,2,2,2,2,2,Elementary_Path
L0829,Intermediate,0.8,6,70.26894618257914,74.66916962508253,56.56701688715047,54.9178407183917,61.215030098189345,61.74144005119989,3,3,2,3,3,2,Elementary_Path
L0830,Elementary,0.8,6,55.995775412453554,44.60855973031658,62.020303236673264,44.532501089917574,40.44245642177356,52.16262496468529,2,2,2,2,2,2,Beginner_Path
L0831,Beginner,1.7,2,56.18787639660868,47.497104201843186,46.97675566954245,31.55104141355662,36.012982175168105,22.448509327948422,2,2,1,1,2,1,Beginner_Path
L0832,Elementary,1.5,4,54.15826629455343,34.4350292937474,29.78395198537957,40.705629511523505,50.77374282760834,30.33961798551128,2,1,1,2,2,1,Beginner_Path
L0833,Beginner,1.5,2,27.83103289659833,45.75221541181916,49.28352913771449,32.762957171104745,51.84299431156725,34.99868313773062,1,2,2,2,1,2,Beginner_Path
L0834,Beginner,1.0,5,53.6337651353834,45.472764085594626,48.91828707716102,24.342040719490555,42.56719172795741,52.91782273613359,2,2,1,2,2,2,Beginner_Path
L0835,Elementary,1.3,4,43.948437643940025,53.634372801898785,55.2012112958086,40.14682079736762,43.380648200825725,61.99742742198642,2,2,2,2,2,2,Beginner_Path
L0836,Elementary,0.9,4,59.1041849968557,44.84436911129706,63.917005810695755,67.4896311144762,53.99004759243852,50.634043604480524,2,2,3,2,2,2,Elementary_Path
L0837,Upper-Intermediate,2.1,2,90.73734216555107,40.45751058757969,73.27606415673498,80.35655143641368,92.07548889321761,62.700033284199236,4,2,3,3,3,3,Intermediate_Path
L0838,Elementary,2.2,2,54.566880107303994,38.58272856347871,58.36499788820901,57.25904176727718,59.167064725890185,53.86842659488585,2,1,2,2,2,2,Elementary_Path
L0839,Intermediate,0.5,1,45.038411868353506,48.740839823153976,49.33040628832647,69.77208787416915,65.4752653043562,50.475757351909586,2,2,2,2,2,2,Elementary_Path
L0840,Intermediate,0.8,7,50.81787833490208,45.21745061939522,69.07090383398833,76.34134564362391,67.25590175482321,47.324929633261895,2,2,3,2,2,3,Elementary_Path
L0841,Beginner,0.5,7,53.227444668851355,36.22243004547066,64.53059695539896,20.28577448556156,54.39954041428631,13.560331683780056,2,1,2,1,2,1,Beginner_Path
L0842,Intermediate,1.0,5,58.308773143571834,50.81036554478765,55.05143647532459,45.701168847134596,70.7562679401766,56.02382198347653,2,2,2,3,2,2,Elementary_Path
L0843,Beginner,1.4,7,40.79573534942166,26.75387990234978,37.40197868012225,29.962763391053148,45.667603811176576,28.70132650862625,2,1,1,1,1,1,Beginner_Path
L0844,Advanced,0.5,1,97.5882441616361,74.4119985175218,87.89984557108448,83.30270203510402,100.0,85.96430379528505,4,3,4,4,4,4,UpperIntermediate_Path
L0845,Beginner,0.9,6,46.963228620803235,27.844870145147713,46.29998225801595,34.99430609414751,29.183489037359394,12.006423037629386,2,1,2,1,1,1,Beginner_Path
L0846,Elementary,0.8,4,52.78799812385461,56.21499211849928,44.36963727146282,43.53022447193959,34.97734747659719,46.69826672583687,2,2,2,2,2,2,Beginner_Path
L0847,Beginner,1.6,2,37.91331628779534,28.38974945372506,49.212473786909804,40.19308913132054,41.5709865064383,10.68878836028372,1,1,2,1,1,1,Beginner_Path
L0848,Advanced,1.5,4,86.87331554267642,79.85061293566727,100.0,88.35295390745216,90.68680709650539,95.87940253268552,4,3,4,4,4,4,Advanced_Path
L0849,Elementary,1.0,4,58.57898825291343,40.43302384976754,60.34347213453784,40.771652048217504,44.560899464867425,50.218912341350844,2,2,2,2,2,2,Beginner_Path
L0850,Intermediate,1.6,3,65.53569531067794,58.389935138094195,47.31584574361928,36.2445122301243,68.2585266982771,52.21335228575412,3,2,2,3,3,2,Elementary_Path
L0851,Beginner,1.1,6,37.4269999938221,39.562494885285325,54.95167665158606,28.07131294621302,21.37136413548764,40.62719860082079,1,1,2,1,1,1,Beginner_Path
L0852,Intermediate,1.3,3,70.82112312993141,24.55343460756838,74.3736741425368,52.50761346687425,54.652277439421965,45.21925737336448,3,1,3,2,2,2,Elementary_Path
L0853,Beginner,2.7,7,38.70965884870216,45.21635213827608,53.30161372346304,35.52920563192281,35.15044455122385,35.723755156148925,1,2,2,1,2,1,Beginner_Path
L0854,Upper-Intermediate,2.4,4,66.48337825665607,84.36368034243753,83.72842248655824,61.703325406894635,58.636982149005405,77.94774038460335,3,4,3,3,3,3,Intermediate_Path
L0855,Beginner,0.6,2,32.410293010966555,24.498134626383305,47.201893142051325,33.0919353350358,54.94731007269304,4.057107509086105,1,1,2,1,1,1,Beginner_Path
L0856,Beginner,2.1,4,30.21259163690234,25.277017552651653,55.323893981263964,26.69012611514414,26.407987313366768,30.527756403224764,1,1,2,1,1,1,Beginner_Path
L0857,Beginner,2.1,6,37.27589983396313,30.497466122217286,64.23513487603455,36.74180648451667,34.116599426923145,34.77355869863626,1,1,2,1,1,2,Beginner_Path
L0858,Elementary,0.7,3,62.33724278336193,37.43995980543395,45.4695953663515,37.26908671637385,59.07979757805134,43.037063822542336,3,1,2,2,2,2,Beginner_Path
L0859,Intermediate,2.1,2,51.94904818969491,57.23926873946606,75.78125395794771,49.51095343629535,66.46045343428732,69.57101826227405,2,2,3,3,2,3,Elementary_Path
L0860,Beginner,2.6,4,41.884757610181026,15.534747136411358,44.13782901992547,24.91315869010861,28.918253035152535,23.760988750771155,2,0,1,1,1,1,Beginner_Path
L0861,Intermediate,0.7,5,53.43310654372587,43.8207239196326,63.703269479713995,56.46499304430216,66.82489209260636,48.78840756554771,2,2,3,2,2,2,Elementary_Path
L0862,Elementary,0.9,6,47.39690958728563,60.391972001749075,39.63469309617962,39.335522300476015,52.89784478658222,25.841309736915516,2,3,1,1,2,1,Beginner_Path
L0863,Elementary,2.2,6,34.89958788014748,35.71780032651982,52.15210590484605,57.067842666754295,73.33035562111468,60.10286651273145,1,1,2,3,1,3,Elementary_Path
L0864,Elementary,1.7,5,47.79461770843463,57.43428278102925,45.02735042031585,52.05850266692899,54.03940416068305,42.537098573912,2,2,2,2,2,2,Beginner_Path
L0865,Elementary,1.9,4,48.06294620195038,48.55338195590137,50.36145570494054,47.30148131816357,48.58758178931468,40.615911119632926,2,2,2,2,2,2,Beginner_Path
L0866,Intermediate,1.7,6,65.40287944035695,36.90732285411742,54.018136162218504,50.025145026562114,51.43498042880577,54.47517317689286,3,1,2,2,2,2,Elementary_Path
L0867,Beginner,1.8,2,42.232809132553705,41.35329195216206,40.51091612686994,41.80520305316303,32.55756633044429,41.36235828430324,2,2,2,1,2,1,Beginner_Path
L0868,Beginner,0.6,4,28.016078750479547,33.823326978071464,40.93889642976597,44.90700889348637,31.742309045318418,38.47363403516125,1,1,2,1,1,1,Beginner_Path
L0869,Upper-Intermediate,2.2,4,85.84198244043543,65.4453294375026,80.967549184388,74.4268841220163,88.71098813911922,96.47884213557087,4,3,3,4,3,4,UpperIntermediate_Path
L0870,Upper-Intermediate,2.3,3,77.10303040221996,72.44957093172005,63.85250137708669,89.0370185546693,75.17969915016471,74.53935888403774,3,3,3,3,3,3,Intermediate_Path
L0871,Elementary,1.3,6,51.98393517177487,49.746334855667925,40.54481852254676,52.59637318074816,55.6524712397473,40.34754570830919,2,2,2,2,2,2,Beginner_Path
L0872,Elementary,1.5,6,49.90817646614861,52.0759182197462,58.619142707305265,57.13607217568034,65.14247599980887,39.38643262476053,2,2,2,2,2,2,Elementary_Path
L0873,Intermediate,0.5,5,54.8224255277778,66.78252847548002,57.02561882929901,59.335654155359784,36.415358577925346,51.07241047583191,2,3,2,2,3,2,Elementary_Path
L0874,Elementary,1.9,3,52.17802339748726,49.081359127783564,65.74529790229931,54.756644532569766,62.78873764700375,29.98163075370162,2,2,3,2,2,2,Elementary_Path
L0875,Beginner,1.9,7,44.75588435928582,21.24365911213638,47.252697220150466,30.032187673308247,40.55396911783334,35.39864207491586,2,1,1,1,1,1,Beginner_Path
L0876,Beginner,1.5,3,22.53104308654445,30.26354542348809,51.06762150206407,33.41601636787206,44.35048371640444,42.834681062089174,1,1,2,2,1,2,Beginner_Path
L0877,Intermediate,2.3,6,54.61239162653904,84.43048335268621,79.10692320420895,61.493635534823795,51.71596778251749,48.86636399376764,2,4,3,2,3,3,Elementary_Path
L0878,Intermediate,1.3,4,57.45053029596411,62.244910603817274,61.90289188193427,61.42099481557381,52.44875601551482,46.926199437158886,2,3,3,2,2,2,Elementary_Path
L0879,Beginner,1.9,3,42.56170605694278,58.69287300811497,39.255132945837246,43.076118229432474,44.888458898129876,50.159451462942336,2,2,2,2,2,2,Beginner_Path
L0880,Beginner,0.8,5,51.93311005927126,48.95434082199185,53.71702585598813,49.003928922787296,63.8459780033147,20.73516843378835,2,2,2,2,2,2,Beginner_Path
L0881,Beginner,1.5,3,32.28259185403218,37.41802071555749,50.095135639296856,23.75028828184588,50.03313312814902,14.321816235226986,1,1,1,1,1,1,Beginner_Path
L0882,Intermediate,1.4,5,55.02038153182158,58.01407069781118,63.12669690178699,48.255474523897036,72.6552292141854,43.470980563526176,2,2,2,2,2,2,Elementary_Path
L0883,Beginner,1.7,7,34.8746588935345,34.63419960123154,58.91457966955942,40.29572641074253,38.0799872973858,19.595672828757035,1,1,2,1,1,1,Beginner_Path
L0884,Beginner,1.2,3,31.984724098954587,17.621953841535007,42.87755690160069,30.756363681965393,33.99795775414372,38.86226064104582,1,0,1,1,1,1,Beginner_Path
L0885,Intermediate,1.4,5,56.528135048877374,55.180472524682244,65.32773637555782,91.77768241289363,52.19195048421007,51.39295499550426,2,2,3,2,2,3,Elementary_Path
L0886,Beginner,2.1,3,47.708022199879714,47.10674552542197,45.21222650834258,43.15719619170136,35.11726275303312,32.8031295497616,2,2,2,1,2,1,Beginner_Path
L0887,Intermediate,1.2,7,49.461645046356544,49.00360005178796,55.65406105101529,57.216691510698425,39.472175668294746,66.52934176974773,2,2,2,2,2,2,Elementary_Path
L0888,Beginner,0.5,3,44.27814395152903,39.1195299906181,45.77585389486391,32.84530726916141,32.750806571083984,28.086651388372236,2,1,1,1,2,1,Beginner_Path
L0889,Beginner,2.7,2,22.980977699816645,43.51591045893197,58.96760177398491,33.198377168069555,34.396468439401566,42.750894117456404,1,2,2,1,1,2,Beginner_Path
L0890,Beginner,2.5,5,34.38662003557794,25.903195606875244,49.44968315376176,38.30140661315178,38.24641825605159,50.11322799203203,1,1,2,2,1,2,Beginner_Path
L0891,Intermediate,0.6,7,56.70510699782014,50.48697135656335,65.31063426398931,59.11981932621258,61.31750109747292,50.443375019863396,2,2,3,2,2,2,Elementary_Path
L0892,Upper-Intermediate,2.0,5,91.74859672914064,59.820885095228405,78.38232718834331,68.43300855306487,78.6245086862561,77.37022855556313,4,2,3,3,3,3,Intermediate_Path
L0893,Upper-Intermediate,1.1,5,72.25197695247311,61.77834393310593,83.30867028406351,70.26847753480098,74.8507462755704,67.5818208747102,3,3,3,3,3,3,Intermediate_Path
L0894,Elementary,1.7,1,27.987565265490815,32.12394716346939,62.49766628489185,61.44284575234596,44.18556913657243,54.240981288407895,1,1,3,2,1,2,Beginner_Path
L0895,Intermediate,1.7,7,40.011110931387506,45.995515386219736,71.09238830889753,71.84504962651035,40.36641356734479,39.28510812423727,2,2,3,1,2,2,Elementary_Path
L0896,Beginner,1.3,3,40.34029586346681,49.19455680797839,41.68135138178021,40.52033979934877,34.24691391598206,18.544877548746538,2,2,2,1,2,1,Beginner_Path
L0897,Elementary,1.0,5,56.13770855789909,35.845229709097076,58.247815941101145,34.58740272763262,40.27549362312995,41.08732285092459,2,1,2,2,2,2,Beginner_Path
L0898,Upper-Intermediate,1.0,6,78.75455857627253,71.2645921906069,84.79939741148279,78.38503156639044,79.66066748278604,61.110751909402296,3,3,4,3,3,3,Intermediate_Path
L0899,Beginner,0.9,1,41.675701058009906,29.97131246329044,34.92805012473022,53.54282441611026,49.092873966936935,29.832908905701146,2,1,2,1,1,2,Beginner_Path
L0900,Beginner,0.9,2,51.62259597505667,46.78865937036939,46.68230541183694,51.697811019623785,49.385710670599394,32.8047341755286,2,2,2,2,2,2,Beginner_Path
L0901,Beginner,1.5,5,34.60408779262868,48.111622966036165,23.38696113697638,45.344258528096674,47.569527361278205,42.20013531836252,1,2,1,2,2,1,Beginner_Path
L0902,Beginner,1.0,5,48.94910556026825,43.64069982138947,49.82533709821185,52.22422955285822,38.664742645475116,30.92339421434065,2,2,2,1,2,2,Beginner_Path
L0903,Beginner,2.0,1,23.679851149735825,38.061345531027555,51.603430545626814,38.53384272479022,34.78044434524104,26.761386893769135,1,1,2,1,1,1,Beginner_Path
L0904,Intermediate,2.5,3,50.95052167061934,52.68940463159102,72.4754612578646,64.28102969833705,52.52897246332934,51.48486623241101,2,2,3,2,2,3,Elementary_Path
L0905,Elementary,1.1,6,31.929586050681838,33.081252958087504,51.049531478304324,41.192244336748196,34.9250108339825,37.30854720193382,1,1,2,1,1,2,Beginner_Path
L0906,Upper-Intermediate,1.7,2,72.25154699330207,89.43528881122197,83.09046835024034,75.92265456155712,84.91853700507858,60.65994497937285,3,4,3,3,4,3,Intermediate_Path
L0907,Upper-Intermediate,1.8,5,74.53738782733657,62.40326982247446,94.23953845541166,86.29534243970525,73.25288962070026,53.86983186423031,3,3,4,3,3,3,Intermediate_Path
L0908,Elementary,1.8,3,51.1410149222652,51.636463470328415,69.13769648291259,42.10576588513109,37.53659706379126,45.69478116221079,2,2,2,2,2,2,Beginner_Path
L0909,Elementary,1.6,7,50.61883352887135,55.59565572623397,54.70827300773439,39.38556570535714,41.73508624289765,39.312942934029465,2,2,2,2,2,2,Beginner_Path
L0910,Elementary,2.0,6,40.72446669188272,39.4471950309467,56.3931963072956,48.97488939023697,41.33026543567448,54.662787392346715,2,1,2,2,2,2,Beginner_Path
L0911,Intermediate,1.8,7,58.097591555867844,65.38012527315962,76.10911144734433,55.73337796276,60.43024485015127,40.526039079410594,2,3,3,2,3,2,Elementary_Path
L0912,Elementary,0.6,6,35.02553331394252,52.642132033388556,39.99197984737825,54.491477210704204,60.674678510706855,39.579164449521215,1,2,2,2,2,2,Beginner_Path
L0913,Intermediate,2.1,2,73.6322897513225,72.27963835381766,61.769242573229754,53.467404740529574,56.52010450404417,73.1290722065875,3,3,2,3,3,3,Intermediate_Path
L0914,Elementary,2.1,4,46.96373927101999,40.30653533573289,68.35570455536757,65.18439615602713,27.474664852163507,35.6039048290215,2,2,3,1,2,2,Beginner_Path
L0915,Intermediate,1.0,6,55.11113880956309,42.14135982720285,74.75200541684767,45.10323902038944,58.1081966484108,52.63466747903876,2,2,2,2,2,2,Elementary_Path
L0916,Elementary,1.5,4,65.88940328444083,39.94510244555489,58.69263777649905,60.53734786219734,48.438060999028046,32.841560171746316,3,1,2,2,2,2,Elementary_Path
L0917,Elementary,2.0,7,37.57753466450771,47.088535425343316,39.94167594669379,40.35150771691897,47.75079769064478,31.51572487219019,1,2,2,1,2,1,Beginner_Path
L0918,Upper-Intermediate,1.4,6,63.74412885968031,70.58212727085056,79.50089766958838,55.04017265415977,68.72538833524298,85.47310983087678,3,3,3,3,3,3,Intermediate_Path
L0919,Intermediate,2.3,2,49.037796751314346,51.065621037254495,59.10084603750067,60.37875156348868,62.174390807258426,56.71039492637147,2,2,2,2,2,2,Elementary_Path
L0920,Beginner,3.2,1,39.32128618300518,15.90802541022757,48.31038902817213,35.45392013986117,40.661411151490015,36.336788382376234,1,0,2,1,1,2,Beginner_Path
L0921,Upper-Intermediate,0.9,2,79.31631629637597,74.70482996129107,71.9065331520512,61.903906320969696,74.75169685873352,53.036837648837775,3,3,3,3,3,3,Intermediate_Path
L0922,Elementary,0.5,2,57.39675468117834,64.723444790822,44.74276605025393,31.18623108284736,54.12641361442966,48.58741388108303,2,3,1,2,3,2,Elementary_Path
L0923,Upper-Intermediate,1.7,1,100.0,74.64251238123003,59.351347223163586,72.91639212728543,70.70167176852146,81.57421945993826,5,3,3,3,4,3,Intermediate_Path
L0924,Intermediate,2.0,1,37.50567545799236,61.09135519053514,77.21804684976702,67.75836891623818,55.134143302993465,66.4947706082853,1,3,3,3,2,3,Elementary_Path
L0925,Elementary,1.3,3,56.08735589124417,50.72445306155102,51.00229488556943,53.84953493086444,63.801232895854,51.68333229606161,2,2,2,2,2,2,Elementary_Path
L0926,Beginner,2.5,6,34.42869427427769,38.970466698824,46.57145783702534,38.567066488392655,45.59355409715436,23.70514422404596,1,1,2,1,1,1,Beginner_Path
L0927,Elementary,0.6,7,44.135848511112265,54.31665966868095,54.97761883525819,52.78847573217735,58.269460609427995,48.13123417192992,2,2,2,2,2,2,Elementary_Path
L0928,Elementary,2.0,3,43.80227871746122,48.95373681185666,44.32566067039501,47.72785867622143,62.26104585334068,51.67584960476608,2,2,2,2,2,2,Beginner_Path
L0929,Intermediate,1.1,1,50.91230329192027,51.87322830346724,52.409350885518066,43.70275756969629,65.259441806248,37.055564149110985,2,2,2,2,2,2,Elementary_Path
L0930,Elementary,2.7,4,66.84524834603451,37.04011089991246,44.94684874002765,33.79106014776556,59.28388679136171,33.787204085182154,3,1,1,2,2,2,Beginner_Path
L0931,Beginner,2.9,7,48.422973270139025,32.510263447193246,37.76831561170607,35.96831471015321,24.206548379297395,43.881573217434415,2,1,1,1,2,1,Beginner_Path
L0932,Upper-Intermediate,1.0,4,75.23195978557375,73.14129496450666,83.66606247013804,71.39346713633925,77.04153871996027,78.76045776671928,3,3,3,3,3,3,Intermediate_Path
L0933,Advanced,1.1,2,100.0,81.83917038877027,87.04282336479389,96.50982678506765,88.17281538185672,69.51416966378608,5,4,4,3,4,4,UpperIntermediate_Path
L0934,Elementary,2.1,5,34.874710347011245,48.1433868313143,72.46490631594622,55.57304223774747,66.7768409089981,52.95021459269172,1,2,3,2,2,3,Elementary_Path
L0935,Beginner,1.2,2,26.692948686690738,39.39150133700417,55.27151035893151,44.05133015758949,49.276455318033,35.95303399153618,1,1,2,2,1,2,Beginner_Path
L0936,Elementary,1.5,2,28.220322678053122,53.33179431270182,63.08359549665708,45.19717286922819,43.6955480920682,52.81008954607152,1,2,2,2,2,2,Beginner_Path
L0937,Beginner,1.5,5,33.00585459876712,47.82794968838981,43.8034109752685,24.193478298898604,43.72794158529206,28.654786765660585,1,2,1,1,2,1,Beginner_Path
L0938,Upper-Intermediate,0.5,6,76.61698526704753,70.78007418478857,95.14280735720484,77.12071137066025,76.6768133344924,76.45183496480902,3,3,4,3,3,4,Intermediate_Path
L0939,Beginner,1.5,1,41.02858577932334,21.922234348523393,42.81994368878876,43.25169313262168,44.54331433152229,43.43828774485625,2,1,2,2,1,2,Beginner_Path
L0940,Intermediate,1.0,4,61.49341911059881,51.548959031808096,64.68738585845755,34.11468537522314,49.81157530625348,51.486650645442886,3,2,2,2,2,2,Elementary_Path
L0941,Elementary,1.2,2,35.88943168933918,45.44062567406599,56.69974539749269,39.65661813417337,53.600164652382254,45.17752546173286,1,2,2,2,2,2,Beginner_Path
L0942,Intermediate,2.5,5,68.03154742614022,36.6423124382291,72.01823040543344,51.08945622606104,57.71848650711766,48.514783704953466,3,1,3,2,2,2,Elementary_Path
L0943,Intermediate,0.6,3,62.39627518238998,68.88664520102482,71.36908079002986,59.18350201123436,62.824497640556004,71.5163894868588,3,3,3,3,3,3,Intermediate_Path
L0944,Upper-Intermediate,2.1,2,82.33054281465999,71.42377912510466,75.24874721555396,64.96639567234305,67.7561483487783,68.79728060674233,4,3,3,3,3,3,Intermediate_Path
L0945,Beginner,1.3,4,21.07237822409948,38.81352834580285,39.670062805740464,37.618654311753595,34.149368286034004,25.77975674822818,1,1,1,1,1,1,Beginner_Path
L0946,Beginner,1.3,1,43.1149085879779,48.65526462526266,51.39902957152084,35.89465059647008,51.738420203667026,27.841740861252497,2,2,2,1,2,2,Beginner_Path
L0947,Beginner,2.1,2,28.12234760082473,28.69857169857653,52.152365838912324,36.40850528462272,29.48452441659839,36.26770601142113,1,1,2,1,1,1,Beginner_Path
L0948,Upper-Intermediate,1.7,2,71.02676747448638,75.7404193088403,76.06648875177127,65.83605706299254,65.22245598957952,77.53331171778211,3,3,3,3,3,3,Intermediate_Path
L0949,Upper-Intermediate,1.9,6,80.34364898636383,68.90135876898064,64.12811930321546,66.61014945933323,74.48418742784422,56.64173154849478,4,3,3,3,3,3,Intermediate_Path
L0950,Intermediate,2.2,5,60.91093606255913,53.159131329840804,62.92683903991755,47.19732940219308,52.28109624814046,73.47660002942449,3,2,2,3,2,2,Elementary_Path
L0951,Intermediate,1.3,3,51.48460020220681,47.278076121956204,71.23525798825858,61.80067440573832,51.14971367737201,58.08675294055617,2,2,3,2,2,3,Elementary_Path
L0952,Intermediate,1.1,3,60.06273156184418,71.65603213686528,83.0541684641978,63.71102628591368,61.05075971208295,59.664559729694126,3,3,3,3,3,3,Intermediate_Path
L0953,Beginner,0.7,7,24.68464684756357,31.24499959924429,33.02042037659338,30.293820498746612,24.949341430962953,34.02810456176564,1,1,1,1,1,1,Beginner_Path
L0954,Upper-Intermediate,0.9,1,86.50267395898297,76.99464246895703,75.73428747169426,88.20640096017044,64.92037765086363,70.19258967351125,4,3,4,3,4,3,Intermediate_Path
L0955,Elementary,3.6,7,47.94715980503749,26.249926125280638,51.10596438474624,44.85398552557951,70.54095582923644,43.51716862072597,2,1,2,2,1,2,Beginner_Path
L0956,Elementary,2.4,4,61.18549944255326,56.79988529689787,68.55805339431501,63.30185623796561,54.59475058969009,55.1779596903596,3,2,3,2,2,3,Elementary_Path
L0957,Elementary,0.6,1,44.73468312903957,55.52211155957059,54.65058499541367,41.57872826168396,42.53436647730089,44.9207141254663,2,2,2,2,2,2,Beginner_Path
L0958,Beginner,0.6,2,34.76424011593417,35.97434110297303,35.92673440627735,17.734222234005646,44.18215078266197,42.6705021849271,1,1,1,2,1,1,Beginner_Path
L0959,Beginner,1.8,2,32.35813213362154,32.73057533862075,50.58695282921819,42.021978249123514,45.67330476986629,30.66152476647428,1,1,2,1,1,2,Beginner_Path
L0960,Intermediate,1.9,3,68.76173931693076,59.00000005613566,60.95361479959054,60.48545105118987,69.94414420090239,56.95640528312316,3,2,3,3,3,3,Elementary_Path
L0961,Beginner,1.9,4,32.905688426715244,57.88790660880289,32.75612726642046,38.34393795307583,38.7284397054327,26.96079655760579,1,2,1,1,2,1,Beginner_Path
L0962,Intermediate,1.3,5,66.44595432415177,37.36763301096515,56.072266927238495,51.577675215560106,69.76497702772889,67.16528232549537,3,1,2,3,2,3,Elementary_Path
L0963,Beginner,1.4,4,36.1754760233071,42.82027387574128,62.340419544226194,37.65427774514181,19.615534751178274,26.662527592808843,1,2,2,1,1,1,Beginner_Path
L0964,Elementary,1.7,2,30.240367001083804,35.883826978460974,58.84209221649462,42.88740542130473,39.43691869524247,41.750205557386735,1,1,2,2,1,2,Beginner_Path
L0965,Elementary,1.6,5,44.29685932213534,44.80081603700269,56.07760055452543,44.976504336682495,51.638714017364556,41.85039587545255,2,2,2,2,2,2,Beginner_Path
L0966,Elementary,0.5,4,38.208917856371514,42.52119880921337,52.501062641879535,56.41632255765075,53.296335328077916,41.460486123262314,1,2,2,2,2,2,Beginner_Path
L0967,Intermediate,1.3,4,60.33902723682338,50.716817422022444,67.92148842118799,59.842172295300934,50.88217712331358,62.22495769442937,3,2,3,2,2,3,Elementary_Path
L0968,Elementary,0.9,5,38.09592264325509,44.89534870947271,57.802359460024945,54.09951387331977,52.594199912631595,41.83342235263356,1,2,2,2,2,2,Beginner_Path
L0969,Intermediate,1.6,2,69.25975100714616,43.6582885472221,67.92168828207326,55.6813149337421,53.7615975131274,68.93924530541072,3,2,3,3,2,3,Elementary_Path
L0970,Elementary,3.6,4,49.08924139646973,55.291804361279674,56.14845090277753,44.57982654195225,47.230409057728345,36.81524913869832,2,2,2,2,2,2,Beginner_Path
L0971,Intermediate,1.8,5,58.22404005241261,37.058564888014,73.6879833830555,46.46517469111356,70.24773800665011,56.69377469942707,2,1,3,3,2,3,Elementary_Path
L0972,Upper-Intermediate,1.3,6,81.55892137787583,75.39764512828341,80.23104346000731,69.29963387431803,84.08937496888599,62.242140106874004,4,3,3,3,3,3,Intermediate_Path
L0973,Intermediate,2.1,6,69.63906934075862,51.73464147465429,55.220611644473614,24.78885444410861,50.029396726367374,59.209727825314665,3,2,2,2,3,2,Elementary_Path
L0974,Beginner,1.8,2,39.79901248230348,23.290751061925462,38.87577109099132,32.09778033694365,29.427485379798966,34.8405027302323,1,1,1,1,1,1,Beginner_Path
L0975,Beginner,1.8,5,32.28799700450709,37.02383370598695,25.20981306510288,37.18125822809161,35.88826604446684,33.44937955301521,1,1,1,1,1,1,Beginner_Path
L0976,Elementary,1.9,6,32.260303838878706,29.43048913293522,75.26817116042392,53.63673654270156,49.73253698827075,56.88474966503524,1,1,3,2,1,2,Beginner_Path
L0977,Intermediate,2.9,5,53.1395024296482,55.39713821719635,73.62754591952687,55.313221224750436,53.42101511425259,48.45658128944896,2,2,3,2,2,2,Elementary_Path
L0978,Beginner,0.7,4,33.827877533520386,20.771230921884456,36.69929504870763,41.47673542244999,50.40642442799668,40.86515157618,1,1,1,2,1,2,Beginner_Path
L0979,Elementary,1.8,2,51.070574529922965,49.61272084317831,52.181551506029,26.202113386097544,53.47389841708555,37.31040087325208,2,2,1,2,2,2,Beginner_Path
L0980,Intermediate,0.9,6,56.54853118861973,45.756426663696246,58.631235257935664,57.4316314779305,64.0608510987443,56.12685200160374,2,2,2,3,2,2,Elementary_Path
L0981,Elementary,1.9,7,56.87932972051428,40.49005982970691,70.42547211374117,31.204972070865967,37.334611710550284,33.044246717765546,2,2,2,1,2,2,Beginner_Path
L0982,Intermediate,0.9,4,53.87016728729311,57.93949387943162,50.80122835729071,45.916964843406674,71.6729071738378,48.3748285369326,2,2,2,3,2,2,Elementary_Path
L0983,Beginner,1.2,7,39.42958833147058,27.27457888157764,46.14476058818779,36.12834452136139,11.798311777593092,34.17856954427135,1,1,2,1,1,1,Beginner_Path
L0984,Beginner,1.3,7,51.839874431968894,34.42036000331697,43.914721574351525,50.76263987873554,48.34055451849369,53.14649167323078,2,1,2,2,2,2,Beginner_Path
L0985,Intermediate,2.2,1,63.418252139549665,39.86169498755146,73.26838630709115,61.71206763470059,69.34311737670771,56.008038704597745,3,1,3,3,2,3,Elementary_Path
L0986,Elementary,2.1,1,49.39962458311435,51.30875603596156,53.95990772275305,48.18230997137117,45.675988127220386,61.546683158667065,2,2,2,2,2,2,Elementary_Path
L0987,Intermediate,0.6,2,53.98055558064823,72.6491380555077,47.41791123344565,57.80469610532898,72.72910217247424,57.20323291690918,2,3,2,3,3,2,Elementary_Path
L0988,Elementary,1.5,6,43.66768603285023,72.92208867909962,52.48882165357559,40.86371106795533,49.36902447045654,41.12915755525061,2,3,2,2,2,2,Elementary_Path
L0989,Beginner,1.0,6,31.493867470480524,35.91168146666439,35.278377820566746,32.56016586627317,40.62431703327443,50.393565226006935,1,1,1,2,1,1,Beginner_Path
L0990,Upper-Intermediate,0.6,6,69.58993134217101,77.88204140797187,80.7957954655656,77.27376045470797,78.39528787404217,74.3701762207342,3,3,3,3,3,3,Intermediate_Path
L0991,Intermediate,1.3,5,67.55665838744315,37.19374327092511,79.34177036520326,44.146394815555055,91.86574911811056,48.57278406117286,3,1,3,3,2,3,Elementary_Path
L0992,Intermediate,1.3,4,57.781117287077315,70.02734326305588,47.60574755767722,63.93054050283021,73.44433908083005,59.70571459400298,2,3,2,3,3,3,Elementary_Path
L0993,Elementary,3.2,6,36.502269306187685,52.762285047241065,46.99777264600096,44.11492932881147,57.01131200712918,42.0740525009239,1,2,2,2,2,2,Beginner_Path
L0994,Intermediate,1.8,4,77.68169293059783,50.16066555048767,59.473070462165026,66.25557074869565,50.87195513398805,35.10965803828704,3,2,3,2,3,2,Elementary_Path
L0995,Elementary,0.5,2,53.19965191145163,57.37180800289009,51.18368904586789,57.61093457232083,51.43589825479492,54.359731592656175,2,2,2,2,2,2,Elementary_Path
L0996,Beginner,1.1,7,25.930565994868306,32.455239233546585,52.40125664105244,21.2691598749426,31.868759061536135,45.94934055641929,1,1,1,1,1,1,Beginner_Path
L0997,Upper-Intermediate,2.2,6,70.58151072759176,65.41974816985443,78.26455582438612,67.18419236772782,83.22110847282813,88.37942029992276,3,3,3,4,3,3,Intermediate_Path
L0998,Beginner,3.0,2,41.10886382828418,39.753349254274916,49.15802725720445,29.444723120593764,41.404669757348564,39.22143692195263,2,1,1,2,2,1,Beginner_Path
L0999,Advanced,0.5,6,100.0,74.3664550016968,88.74226956268224,69.87272034926858,78.75478320386105,82.51276575917467,5,3,3,4,4,3,UpperIntermediate_Path
L1000,Elementary,0.5,1,38.91887541741131,55.21624764399948,57.299243454179376,37.674667237905894,50.81124583418503,53.34989427378586,1,2,2,2,2,2,Beginner_Path
L1001,Beginner,2.8,3,49.760407193559466,24.440101880731568,52.77797630877715,62.4125584526534,31.505825302836946,43.498203653189066,2,1,2,1,1,2,Beginner_Path
L1002,Elementary,1.8,2,63.99486426972343,34.49945210176814,47.67700450262912,54.0950989621244,51.51216221337547,61.38281183136422,3,1,2,2,2,2,Elementary_Path
L1003,Upper-Intermediate,0.9,6,68.7134569492543,60.90310211591665,87.81358119806515,92.17287968605754,66.40922683634743,69.55372376933558,3,3,4,3,3,3,Intermediate_Path
L1004,Intermediate,1.9,3,57.22486381139767,62.59500037516122,65.52372768727568,66.29098440018336,60.27487633360813,53.344210274324055,2,3,3,2,2,3,Elementary_Path
L1005,Upper-Intermediate,0.5,2,64.63690752626229,63.83224638480292,90.45460240482252,65.58156838991525,82.50469861935095,62.844555802414725,3,3,3,3,3,3,Intermediate_Path
L1006,Intermediate,1.5,5,57.96538858919695,41.520042156328316,62.985800999230264,54.18228803325957,59.46948008074894,60.37462086725202,2,2,2,2,2,2,Elementary_Path
L1007,Intermediate,1.7,6,59.63410025657069,48.94320000064202,68.812446551621,63.88436180240307,56.09111732827611,39.517383317691646,2,2,3,2,2,2,Elementary_Path
L1008,Upper-Intermediate,2.1,5,81.59649998082371,69.67957629319513,79.5939376832147,77.37506203473036,77.03276221057463,77.76087372862564,4,3,3,3,3,3,Intermediate_Path
L1009,Beginner,0.8,1,50.90183471020447,23.190275163356144,44.037877379594214,32.226579842916664,46.97182620792853,40.8783512186579,2,1,1,2,1,2,Beginner_Path
L1010,Elementary,1.6,6,42.519039353783526,33.48318890965656,57.5893042822569,32.90006829420793,38.9281673011824,50.85070202458372,2,1,2,2,1,2,Beginner_Path
L1011,Beginner,0.9,7,20.326749357740056,56.11296334099585,50.36807469224904,70.87761187388739,42.606561547052024,36.3822523650184,1,2,3,1,1,2,Beginner_Path
L1012,Advanced,1.7,1,89.78755220723758,76.39434596186113,82.50435088075994,86.58850327657194,100.0,100.0,4,3,4,5,4,4,UpperIntermediate_Path
L1013,Upper-Intermediate,0.9,3,77.9353752996864,66.76957631226993,94.33633608817878,69.7426110681738,80.73656963276716,78.71993465426863,3,3,4,3,3,4,Intermediate_Path
L1014,Beginner,1.2,2,42.49417687685042,31.327629992007143,26.403369594502017,39.13334463905302,40.57754146667228,28.929228086243004,2,1,1,1,1,1,Beginner_Path
L1015,Intermediate,0.8,4,56.73326752490956,50.786431922295584,58.15187890261104,55.57271410688971,66.39737506698894,49.10820950302353,2,2,2,2,2,2,Elementary_Path
L1016,Upper-Intermediate,2.0,1,76.24752099663934,76.21346739969103,79.057309292351,74.22728907705483,79.52496456102682,61.203261865853634,3,3,3,3,3,3,Intermediate_Path
L1017,Beginner,2.1,4,55.154448083522475,44.481429504720495,49.12355969085948,50.86947286116419,47.53601109159814,40.51283332775587,2,2,2,2,2,2,Beginner_Path
L1018,Intermediate,1.3,4,63.817341689625096,51.94045568468408,80.76172527741379,56.75451520313576,39.760683890170554,44.998610787600434,3,2,3,2,2,2,Elementary_Path
L1019,Upper-Intermediate,1.5,2,71.26631574996915,57.63521713407651,61.417085117748925,61.37289560672239,59.46543866336735,80.83392143583352,3,2,3,3,3,3,Intermediate_Path
L1020,Beginner,0.5,3,34.99802182904004,47.744402278489034,39.923058716102894,36.38356205521389,50.04829149483237,48.22973308345543,1,2,1,2,2,2,Beginner_Path
L1021,Intermediate,1.3,2,58.301476423222695,54.04658908803317,43.73166512200734,53.35598218590089,44.94720823838559,46.20983731049549,2,2,2,2,2,2,Elementary_Path
L1022,Elementary,1.5,6,66.3673996183064,62.30321814857169,55.31621973910248,62.23898937246851,54.01538635719205,43.144514654071465,3,3,2,2,3,2,Elementary_Path
L1023,Upper-Intermediate,3.3,1,73.16699290473802,47.54414102434837,82.7168358450003,84.7111906473757,71.47950343967709,70.16620981362414,3,2,4,3,3,3,Intermediate_Path
L1024,Advanced,0.7,4,89.80205655479293,86.9540322128332,100.0,89.07525000430799,80.03810754404003,93.83983160469668,4,4,4,4,4,4,UpperIntermediate_Path
L1025,Upper-Intermediate,2.5,2,70.17686429063697,89.18606333876208,81.20634760893454,60.212641451807436,78.49649757147473,86.09343375609876,3,4,3,4,3,3,Intermediate_Path
L1026,Elementary,2.2,2,60.98983357441965,41.46735864561842,65.4402512944238,35.741077365600546,52.0103350371657,28.145076071314225,3,2,2,2,2,2,Beginner_Path
L1027,Upper-Intermediate,1.7,2,94.59837254744676,67.74506576665364,85.83837081539059,73.15123261584553,96.10342652096378,66.81819282473317,4,3,3,4,4,4,UpperIntermediate_Path
L1028,Upper-Intermediate,2.7,1,79.50613049431388,72.95511691590339,75.64751802994832,76.3632296932128,68.7518879546411,67.33983304439653,3,3,3,3,3,3,Intermediate_Path
L1029,Elementary,1.8,3,50.827729037854255,39.41204181115043,40.910392532079605,44.25377180673945,64.40110120069174,30.99330145113452,2,1,2,2,2,2,Beginner_Path
L1030,Upper-Intermediate,1.8,7,75.36782833174234,66.87928067947267,82.75002298291811,68.19830415792765,78.52422914384314,65.14889980695938,3,3,3,3,3,3,Intermediate_Path
L1031,Beginner,1.5,2,16.15693211214254,31.62184905808597,30.078979828546363,32.07200766821353,33.389781184572875,39.27768944350611,0,1,1,1,1,1,Beginner_Path
L1032,Intermediate,2.4,1,67.45150864284817,48.72579265573627,77.95207072669643,57.76606039756054,67.99246457517245,52.213210971604425,3,2,3,3,2,3,Elementary_Path
L1033,Beginner,2.3,4,41.341664159958434,47.288565502005596,43.37937897963176,14.17237647926935,45.65738504453951,19.553788313925864,2,2,1,1,2,1,Beginner_Path
L1034,Beginner,1.1,6,44.28342050660725,39.61078032296435,56.95177411511416,26.9867337123029,40.35843294858049,63.740826980099136,2,1,2,2,2,2,Beginner_Path
L1035,Beginner,0.6,7,32.88537805916295,37.50628232103302,40.197855658676005,31.729491545526493,42.66295356440624,37.661778652041804,1,1,1,2,1,1,Beginner_Path
L1036,Intermediate,1.4,5,56.15543121022908,63.085710068901165,67.68850786400992,70.0750319495192,54.03012968954468,56.11694130106675,2,3,3,2,2,3,Elementary_Path
L1037,Elementary,0.9,7,45.88975063496827,42.35644166796533,57.09348857334689,39.861863580710704,41.74212874745493,34.02073636932954,2,2,2,1,2,2,Beginner_Path
L1038,Intermediate,1.5,7,70.21622984073039,47.257961816470996,64.54955881989076,59.804681418312065,67.59442173822583,57.60706161971275,3,2,3,3,2,3,Elementary_Path
L1039,Beginner,2.4,1,36.212401633969066,28.973756953854426,40.673404866034076,40.26542750930996,37.76060575686726,33.35786215958505,1,1,2,1,1,1,Beginner_Path
L1040,Elementary,1.2,5,70.82660322109797,45.01783041104609,58.9245601847052,60.97916505660762,49.199170017509076,26.114765872845936,3,2,2,1,2,2,Elementary_Path
L1041,Elementary,1.5,2,54.308624190150375,34.40788291627098,45.73836736516792,60.6257740696415,52.79821595944277,34.297445599855834,2,1,2,2,2,2,Beginner_Path
L1042,Intermediate,1.5,2,47.243173400042686,49.997389834133244,52.905646710409414,57.42497031205084,62.65288344783808,62.94926017673945,2,2,2,3,2,2,Elementary_Path
L1043,Elementary,2.1,7,48.71453706748043,39.838833581285655,67.42826893326827,43.24515258810557,35.70673529025935,64.44017650000441,2,1,2,2,2,2,Beginner_Path
L1044,Intermediate,0.5,1,53.48324877843584,76.24556229829014,72.271679888921,51.3616689717431,72.86252086454859,58.67165405043045,2,3,3,3,3,3,Elementary_Path
L1045,Upper-Intermediate,1.1,5,53.056175301799755,42.261850600660836,80.6589160860224,70.5893677753422,76.21182151900678,81.03083278293367,2,2,3,3,2,3,Intermediate_Path
L1046,Intermediate,1.6,2,75.9947094011379,53.203802785943665,81.65142382543782,53.659666456764,57.973467371778504,53.4424469141679,3,2,3,2,3,3,Elementary_Path
L1047,Beginner,2.3,4,47.03142542220004,52.25693792814771,42.32234481275155,43.53627409358232,44.308460051697466,34.13453839319397,2,2,2,1,2,2,Beginner_Path
L1048,Beginner,1.2,3,45.33207317899313,36.21844464132454,58.22703219988979,42.203098174852045,42.36542193614863,45.90979027619465,2,1,2,2,2,2,Beginner_Path
L1049,Upper-Intermediate,0.5,3,76.65403660299704,77.53417473421092,81.75574084925822,78.91801191145015,82.67062689489703,86.62777289179469,3,3,4,4,3,4,UpperIntermediate_Path
L1050,Beginner,1.9,2,26.179824313075624,35.99826315099768,34.7524924992361,50.592837114361686,45.37983672150941,48.01096693465622,1,1,2,2,1,2,Beginner_Path
L1051,Upper-Intermediate,1.1,5,70.16382860444563,63.326666187835194,98.48040191770849,91.62869121400178,82.17846228996267,59.33636924615181,3,3,4,3,3,4,Intermediate_Path
L1052,Elementary,0.7,6,58.41780774784013,22.58084065491087,64.90710846624086,49.24663393407557,63.50993905727516,44.33041109684754,2,1,2,2,2,2,Elementary_Path
L1053,Upper-Intermediate,1.1,2,64.48779970217497,72.05455687036303,78.78978968990435,83.99463771395654,83.83624548970973,72.77524684476295,3,3,4,3,3,3,Intermediate_Path
L1054,Intermediate,1.4,6,34.682306837491865,47.24393395397609,72.2717125953395,54.483398161657846,58.39513779671437,52.40322036492471,1,2,3,2,2,2,Elementary_Path
L1055,Advanced,1.1,6,87.72893992219073,76.99664593834696,90.96296566002093,99.85006983583015,78.77098843923167,88.87857543415596,4,3,4,4,4,4,UpperIntermediate_Path
L1056,Elementary,0.5,5,48.58242445972461,40.01012744020888,63.29149035059542,58.61509157175844,66.67797933004515,53.20576811668947,2,2,3,2,2,3,Elementary_Path
L1057,Intermediate,2.1,6,61.35563416414709,72.44861406623494,41.08921434716041,68.08415969942992,57.62276626652887,65.02809751955141,3,3,2,3,3,2,Elementary_Path
L1058,Elementary,2.4,4,57.28518643514536,69.04837542253972,44.801986663054066,48.940698411915236,45.268925866394774,61.85870152221523,2,3,2,2,3,2,Elementary_Path
L1059,Elementary,2.0,5,56.37605812231209,47.17207937528401,64.79259744286963,41.31641836009111,32.63273182235561,41.705588952751654,2,2,2,1,2,2,Beginner_Path
L1060,Intermediate,0.7,2,62.587698052439215,50.35232776088272,62.50344461781081,44.05471562134524,63.384731053121115,41.35966835160686,3,2,2,2,2,2,Elementary_Path
L1061,Upper-Intermediate,1.4,7,86.9553138808671,58.2277358254879,82.07542294888742,72.599627924789,76.4888660395377,73.58234594014453,4,2,3,3,3,3,Intermediate_Path
L1062,Advanced,1.5,4,74.81030219186685,89.68540161546069,81.53214337884566,100.0,74.8488506375052,100.0,3,4,4,4,4,4,UpperIntermediate_Path
L1063,Intermediate,1.9,1,65.0458181447739,72.82905600065143,83.47866995702103,54.90155098635927,64.53274042133175,50.230241400459406,3,3,3,2,3,3,Intermediate_Path
L1064,Elementary,2.0,3,56.265383633369424,42.526596129748434,66.90529643717676,55.85126585460055,45.01808079298561,51.86846977063719,2,2,3,2,2,2,Elementary_Path
L1065,Elementary,1.0,2,37.6043771391976,21.21003959246776,52.993147816246704,56.43951400518931,76.90315007288694,51.95745792472643,1,1,2,3,1,2,Beginner_Path
L1066,Intermediate,1.6,2,44.971293913176105,61.700496718155236,60.953041431366735,55.16313779072827,54.30638807909132,56.91442047344609,2,3,2,2,2,2,Elementary_Path
L1067,Beginner,1.8,2,32.54057873524398,44.853997114500494,55.29604361419693,51.163448375195195,35.64806667802207,35.06924721043714,1,2,2,1,1,2,Beginner_Path
L1068,Beginner,2.5,4,33.38458557484708,19.141543596141524,64.82470450168927,8.913392555194964,31.25223775745632,25.765707942786072,1,0,1,1,1,1,Beginner_Path
L1069,Elementary,2.0,1,57.534194635024306,46.76484183662953,64.53760255811353,35.77249721261825,62.77876521041972,22.183379275794227,2,2,2,2,2,2,Beginner_Path
L1070,Elementary,2.1,7,43.85461216308905,49.512260161360985,76.71802667396602,38.8436770364154,46.27224205535247,33.88149293335971,2,2,2,2,2,2,Beginner_Path
L1071,Elementary,1.6,5,41.43651481718796,44.26892697991062,45.77648670938082,39.8028497713261,42.750858462345036,41.096958508883006,2,2,2,2,2,2,Beginner_Path
L1072,Beginner,2.5,1,33.883662633054406,27.092290809146462,36.80613169501209,41.362629511858955,47.06955009920542,45.97422687422707,1,1,1,2,1,2,Beginner_Path
L1073,Beginner,1.8,4,51.18632334154212,45.15937223563556,33.110588819466514,40.90037803053902,26.196470645868146,33.96871937648624,2,2,1,1,2,1,Beginner_Path
L1074,Beginner,0.9,2,40.13043374376952,30.966202540313173,49.41760649649479,41.93990572175008,46.25110546248948,29.809742810818513,2,1,2,1,1,2,Beginner_Path
L1075,Advanced,2.5,3,88.20748974643088,70.14813837300068,96.7560354980437,93.96081494132487,100.0,76.0901455804657,4,3,4,4,3,4,UpperIntermediate_Path
L1076,Elementary,2.0,2,48.899945012989484,24.50525514330319,53.48048876528014,38.4989543085435,55.66607832835089,51.56805828509481,2,1,2,2,1,2,Beginner_Path
L1077,Elementary,1.2,5,62.92060334326523,57.6084951999931,63.09258628123298,35.81823933192681,56.37898316259925,58.58357166430605,3,2,2,2,3,2,Elementary_Path
L1078,Intermediate,1.2,6,52.50828273396758,61.166639764711185,77.32328605214664,61.96319682007863,68.70060216907484,65.6343572186746,2,3,3,3,2,3,Elementary_Path
L1079,Beginner,1.7,3,53.15508290940104,35.87973547129169,29.74337590713158,31.69767926353561,57.09708028675519,41.06149699758469,2,1,1,2,2,1,Beginner_Path
L1080,Upper-Intermediate,1.8,2,77.10496298921504,65.59725363149197,74.03027972098884,57.29524954632029,87.09893960019104,55.2438725361706,3,3,3,3,3,3,Intermediate_Path
L1081,Intermediate,1.6,7,58.395806180246524,49.71001585796873,73.2014359412306,67.71344284541482,64.39669722273024,51.483257571562284,2,2,3,2,2,3,Elementary_Path
L1082,Beginner,1.7,3,65.00900497934282,24.242633515583886,40.32261316141418,51.951019065022976,49.03891400636002,54.47304228889675,3,1,2,2,2,2,Beginner_Path
L1083,Elementary,2.7,6,39.44360510201403,40.685443554401154,47.01793923641846,63.57160889698659,41.14065074534889,56.21950491915225,1,2,2,2,2,2,Beginner_Path
L1084,Upper-Intermediate,2.3,1,71.46314240432994,48.79912784879826,90.18537427650395,74.8700772147472,82.76293590747322,54.624967817652745,3,2,4,3,3,3,Intermediate_Path
L1085,Upper-Intermediate,1.6,4,62.67568760835999,62.63936346531486,67.1049993027602,79.25932095972902,64.94444028816253,69.44409476800729,3,3,3,3,3,3,Intermediate_Path
L1086,Elementary,2.2,2,59.524619705361694,41.89062483648906,51.98420192208895,61.69868223361911,46.32977581368373,48.63098432661039,2,2,2,2,2,2,Elementary_Path
L1087,Intermediate,0.8,5,76.89188933651678,61.09880047190419,68.28644025804809,51.58584209976566,29.174378248567624,47.3784153697378,3,3,2,1,3,2,Elementary_Path
L1088,Beginner,1.8,1,56.69922781404639,34.60073536626636,39.261800860898816,49.10677684054092,44.01429659367462,11.907959785911512,2,1,2,1,2,1,Beginner_Path
L1089,Advanced,2.8,2,100.0,92.9492311387556,100.0,90.75396234143209,83.56127988891647,85.98824045016431,5,4,4,4,4,4,Advanced_Path
L1090,Beginner,1.3,1,38.02379532204034,48.491351051134295,39.31123024802631,47.13711652342591,51.11145215204463,27.122417423795607,1,2,2,1,2,2,Beginner_Path
L1091,Upper-Intermediate,0.9,5,71.34759022510154,80.58170093824101,94.0861949344592,74.86093020875936,78.90192610605403,62.16158260915316,3,4,4,3,3,3,Intermediate_Path
L1092,Intermediate,1.0,2,43.28830227505935,59.70509847378557,63.742537025042274,70.96256709748002,71.24095894701625,51.45319640069242,2,2,3,3,2,3,Elementary_Path
L1093,Intermediate,0.7,6,80.35873535181793,55.11862679180784,71.71270136705354,60.235237625415365,49.16403455327462,53.66324085345188,4,2,3,2,3,2,Elementary_Path
L1094,Elementary,1.0,6,54.68978078148468,35.19211991586441,62.460239529828165,33.16020940532582,60.38386037159633,44.90917205904314,2,1,2,2,2,2,Beginner_Path
L1095,Beginner,1.2,5,35.08043095130517,42.39944051379317,38.724599972559275,52.51926632314722,61.05856344363327,26.160101010779986,1,2,2,2,1,2,Beginner_Path
L1096,Beginner,0.5,3,53.28056888986968,51.797473822215295,24.465134513441114,28.52469259027888,47.64158299931894,32.79790470365923,2,2,1,2,2,1,Beginner_Path
L1097,Beginner,1.5,5,30.27235483239999,38.42106039650418,48.60755754663835,50.53058210243914,47.903490086922886,17.425766295972448,1,1,2,1,1,2,Beginner_Path
L1098,Beginner,2.1,3,44.06622034222674,54.17259148426123,45.72288347124869,37.09757118559678,41.695976763949346,38.11039065368078,2,2,2,1,2,2,Beginner_Path
L1099,Intermediate,0.9,2,58.27370865709165,39.744282919389164,70.55826027575128,69.76010985197706,54.75331219434636,26.437245866588427,2,1,3,2,2,2,Elementary_Path
L1100,Elementary,2.6,3,56.386771398803006,33.45836615220459,52.734725276171616,59.34768614866765,57.61192372701509,42.105099195663804,2,1,2,2,2,2,Elementary_Path
L1101,Beginner,1.9,2,39.36426460813878,43.55201507748262,40.69572301199284,42.30142974315371,24.939170895979316,44.19186153676954,1,2,2,1,2,1,Beginner_Path
L1102,Advanced,2.2,2,75.49072108888775,87.64290210153251,100.0,93.08535317627131,85.82244875079184,74.40659312725174,3,4,4,4,4,4,UpperIntermediate_Path
L1103,Upper-Intermediate,1.0,7,75.75576372670038,83.13782176571807,65.27645938489222,77.22628617192566,57.28943197662818,77.164302036574,3,4,3,3,3,3,Intermediate_Path
L1104,Upper-Intermediate,2.1,4,85.48864141875362,69.8452835927326,87.33950478364238,52.861752437189224,67.96343622684917,81.55732712120893,4,3,3,3,3,3,Intermediate_Path
L1105,Advanced,0.7,2,89.70783594146015,76.32024577471668,89.25398141816609,89.18330218898203,96.42045091893561,51.92100047502612,4,3,4,3,4,4,UpperIntermediate_Path
L1106,Beginner,2.1,3,47.75115121589086,32.86406757794958,41.64221382259578,26.83935823928105,45.053933762204636,33.486370964242575,2,1,1,1,2,1,Beginner_Path
L1107,Elementary,1.6,4,39.54470514325947,29.67316029076266,51.828971674260345,49.71187143745663,50.50913695535473,16.24226572371725,1,1,2,1,1,2,Beginner_Path
L1108,Intermediate,1.9,4,59.73739206730148,43.714093269029654,56.96565725828743,46.57057453616785,61.704009940620104,53.81791554429054,2,2,2,2,2,2,Elementary_Path
L1109,Intermediate,0.7,2,53.75489544911423,64.7244399791801,70.7122421023624,46.15048058773925,41.14135382135791,54.92828789018673,2,3,2,2,2,2,Elementary_Path
L1110,Beginner,0.9,5,47.469808401047096,43.7278741446961,58.906435959499575,54.04934501753902,36.27437719429085,10.174560140891614,2,2,2,1,2,1,Beginner_Path
L1111,Upper-Intermediate,1.9,5,75.31491562261996,73.63004284806077,84.70013661246662,83.69447388124189,68.1864839356479,89.24838362079865,3,3,4,3,3,4,Intermediate_Path
L1112,Beginner,0.8,6,46.900736763366126,17.789224790395306,46.03381996212095,37.958574150558455,33.40940309485459,37.86015807634625,2,0,2,1,1,1,Beginner_Path
L1113,Beginner,1.8,4,50.87710426157866,31.415964244871116,35.13559500900753,39.84768650249024,45.99578627813753,26.509765679179647,2,1,1,1,2,1,Beginner_Path
L1114,Elementary,0.5,2,56.91618575121388,32.75000111339949,60.16825265824451,45.52083974256991,41.39492673494689,59.65379427498519,2,1,2,2,2,2,Beginner_Path
L1115,Intermediate,2.1,7,62.731184342936444,66.76533253787765,86.56349631729299,63.69876375979523,53.95319149872589,37.04386779357684,3,3,3,2,3,3,Elementary_Path
L1116,Intermediate,0.6,5,50.017877414885945,49.16277866437399,61.193053762049075,51.23945633451195,39.12930754290484,42.70828966481683,2,2,2,2,2,2,Beginner_Path
L1117,Beginner,1.9,7,39.972138893330985,24.142522892184505,41.24016420648134,47.93740262867957,37.058768196238304,12.005444763301014,1,1,2,1,1,1,Beginner_Path
L1118,Upper-Intermediate,1.9,2,69.66909597984167,70.29796165121425,74.38910869019003,70.46913158985889,64.1216245228638,88.01045196539334,3,3,3,3,3,3,Intermediate_Path
L1119,Elementary,1.0,2,46.55936043295773,38.59845543165388,50.10585765505579,43.80153004168771,50.79202928689644,48.323463714720035,2,1,2,2,2,2,Beginner_Path
L1120,Beginner,1.9,4,36.25465849249749,49.83743910203707,17.547004463276153,38.21713018484843,30.488919532575352,41.59401789848495,1,2,1,1,2,1,Beginner_Path
L1121,Upper-Intermediate,1.7,7,65.20074425217756,62.65189102465809,84.05035385855713,67.0885317007439,76.04542245549216,73.01001233918475,3,3,3,3,3,3,Intermediate_Path
L1122,Advanced,1.1,6,70.4266141086601,71.00771740775369,86.54447823645387,91.28682349496484,88.55314239257658,90.73767761144585,3,3,4,4,3,4,UpperIntermediate_Path
L1123,Upper-Intermediate,0.8,4,68.31856951672233,48.470864842424845,63.897368812082,67.626374106866,91.72041773042321,70.78077713895989,3,2,3,4,2,3,Intermediate_Path
L1124,Upper-Intermediate,0.5,1,76.93379451924159,69.69213497586586,87.53189949732548,77.68523602818836,79.97217980453193,72.70921342707442,3,3,4,3,3,3,Intermediate_Path
L1125,Intermediate,1.7,7,46.5182295457251,49.38069886142074,54.17982214958064,70.16006538911476,41.60362127437697,56.07603436222951,2,2,3,2,2,2,Elementary_Path
L1126,Intermediate,0.5,5,60.15682236471624,40.71095393488273,61.61330946116242,50.806783131918266,47.35111155897292,48.91408194430721,3,2,2,2,2,2,Elementary_Path
L1127,Beginner,1.6,5,59.00268424310965,46.89226461255785,59.6644239118858,36.69424542704829,40.55208008992333,34.53375234785331,2,2,2,1,2,2,Beginner_Path
L1128,Elementary,1.3,5,60.23056555252239,51.672451474292416,40.90784201975487,52.613307130354215,40.701520516073494,47.73594573261678,3,2,2,2,2,2,Beginner_Path
L1129,Elementary,2.0,3,66.4354150912053,44.717821210627704,39.67401765402238,43.64142645018593,20.31631569764148,46.10549119552131,3,2,2,1,2,1,Beginner_Path
L1130,Elementary,1.3,2,53.91127876932726,58.643262441708664,57.69306189562338,52.643205608266655,63.495463138337435,30.222278922466828,2,2,2,2,2,2,Elementary_Path
L1131,Intermediate,1.3,4,71.67509822986446,61.62536033398613,76.49487364010369,63.5539886065174,67.20224016905408,41.55013331391591,3,3,3,2,3,3,Elementary_Path
L1132,Elementary,2.0,5,42.760352695322126,36.771440984815676,39.25658282268037,58.83261776294304,55.209768734917716,55.82841433916391,2,1,2,2,1,2,Beginner_Path
L1133,Beginner,1.7,1,33.55659732978016,24.60779836009234,49.076897368371775,31.94009953915088,33.92676954529085,31.93005954116598,1,1,2,1,1,1,Beginner_Path
L1134,Beginner,1.7,5,12.608597938625273,43.17981544453861,50.80999539961692,28.572247597695252,44.27676771009929,40.847253470359405,0,2,1,2,1,2,Beginner_Path
L1135,Intermediate,1.8,6,71.86145474042299,58.96366956467351,44.4083951630768,54.92422610436256,52.95639675779118,44.07880090277604,3,2,2,2,3,2,Elementary_Path
L1136,Beginner,0.5,2,55.40323979819886,36.697477679706616,52.9850133790722,28.322476604529,42.04857300217691,20.268541233534698,2,1,2,1,2,1,Beginner_Path
L1137,Upper-Intermediate,2.0,7,69.4682275465273,61.535021971310925,88.7660587984218,78.64498204047497,65.79416774163522,61.56403387468287,3,3,4,3,3,3,Intermediate_Path
L1138,Elementary,1.9,2,47.460482936027645,51.07947567005754,51.882144267439756,36.38248699823589,65.16288450556014,42.77434929228587,2,2,2,2,2,2,Beginner_Path
L1139,Elementary,0.8,7,42.46137886309039,37.44501116866051,67.52346362298007,71.33016418252689,34.297633459181554,38.348597007155874,2,1,3,1,1,2,Beginner_Path
L1140,Intermediate,1.3,7,63.82653551477492,53.98013345406322,76.36455574324845,70.9592786157375,72.32283829510831,67.93933523105714,3,2,3,3,2,3,Intermediate_Path
L1141,Upper-Intermediate,1.5,4,86.24932545303241,84.4694414638698,81.03117925717204,73.12575769600315,75.3891582801733,71.79523301537462,4,4,3,3,4,3,Intermediate_Path
L1142,Elementary,1.4,3,32.57228026118959,38.39165764189854,50.48554609675067,56.67394492997976,45.10533004658009,63.489386185618585,1,1,2,2,1,2,Beginner_Path
L1143,Intermediate,1.7,7,64.09438530642252,39.27010742927139,55.27172107417043,41.631981356892084,61.67002921695738,59.044081540714174,3,1,2,3,2,2,Elementary_Path
L1144,Intermediate,2.5,7,57.233282282808545,44.4745280812989,64.62436490633809,83.23373331399557,67.3334800717818,30.87449182080189,2,2,3,2,2,3,Elementary_Path
L1145,Elementary,2.3,4,51.13394391966689,54.942988266876235,60.69758919704179,42.09785387799511,63.66746736694397,55.560416064585546,2,2,2,2,2,2,Elementary_Path
L1146,Upper-Intermediate,0.6,5,79.58994001674291,72.54731137380209,76.75823138959359,71.79502586100641,78.13143023133532,54.90448377530045,3,3,3,3,3,3,Intermediate_Path
L1147,Intermediate,1.9,6,58.11797561227179,53.71122621311246,43.0249899473797,39.440667128115635,51.093039147377226,57.30533667211339,2,2,2,2,2,2,Elementary_Path
L1148,Intermediate,2.4,1,58.964131465942195,49.90906194688431,77.6871389457657,62.86287304740895,60.556301237657884,47.25315942336155,2,2,3,2,2,3,Elementary_Path
L1149,Upper-Intermediate,1.8,4,72.86124832445361,74.8535990755319,81.90223221844894,61.93655842922891,93.16793236662373,91.42711034464186,3,3,3,4,3,4,Intermediate_Path
L1150,Upper-Intermediate,2.3,3,84.70316201788282,61.508951490097765,76.20375503323166,74.01655761566029,88.47678085512624,84.39597927430135,4,3,3,4,3,4,Intermediate_Path
L1151,Intermediate,2.9,4,64.18759960127497,58.05665568642596,73.57158388423288,52.55725567075462,69.0876347812436,47.58179358298242,3,2,3,2,3,3,Elementary_Path
L1152,Upper-Intermediate,2.2,2,77.2058353773736,62.68745431187043,95.24638596482757,62.222560650696565,82.95687020122386,68.72642331878889,3,3,3,3,3,3,Intermediate_Path
L1153,Intermediate,1.7,5,47.290482789077174,46.02340614724946,36.98088430512108,49.95638498237383,66.99450090606541,57.44598069649217,2,2,2,3,2,2,Elementary_Path
L1154,Intermediate,2.2,5,56.214202567868455,48.62512565174988,69.34263649922072,60.25788034085521,71.5875483450987,63.634140715616105,2,2,3,3,2,3,Elementary_Path
L1155,Intermediate,1.6,7,68.98669160339175,51.24592553516038,50.73350789189653,45.18509027131176,55.43371214278095,55.291519123250126,3,2,2,2,3,2,Elementary_Path
L1156,Intermediate,1.5,5,60.37696573123923,54.51170164066297,69.99110506798941,50.51188328976423,46.449139342249936,44.75105100619133,3,2,3,2,2,2,Elementary_Path
L1157,Beginner,1.3,5,46.59531469589138,37.35455795111115,46.27927202374579,44.63273381264478,40.69003500737061,27.82441360799947,2,1,2,1,2,1,Beginner_Path
L1158,Upper-Intermediate,2.6,5,92.66511800327633,33.11634708571556,86.3572652644055,99.02479874874314,66.8241841322231,69.95518203623209,4,1,4,3,3,4,Intermediate_Path
L1159,Upper-Intermediate,0.9,5,85.38606069208817,61.92349442253235,75.00752385505345,77.77588819553004,64.44979244622816,82.34456978764692,4,3,3,3,3,3,Intermediate_Path
L1160,Beginner,2.6,1,40.93158337699742,31.08430022643961,26.267598881808482,28.827383578227128,32.79721423412068,39.27837860536044,2,1,1,1,1,1,Beginner_Path
L1161,Upper-Intermediate,1.8,3,69.89010829804273,85.0506203860833,75.49631808743332,69.32885829927689,99.85313924533686,62.265850733849845,3,4,3,4,3,3,Intermediate_Path
L1162,Beginner,0.5,7,14.464504039441017,24.199973916178678,49.068476351397834,38.315890061525785,41.36124634075844,41.4837277770979,0,1,2,2,0,2,Beginner_Path
L1163,Elementary,1.8,5,48.316150775271474,46.627966180999124,65.15392328675223,44.50575049364293,53.61907836360988,41.1301516112184,2,2,2,2,2,2,Beginner_Path
L1164,Intermediate,0.5,7,56.73987504183151,69.95030309735837,53.28168699527475,67.03058166736933,47.77637192995746,63.90408005186841,2,3,3,2,3,2,Elementary_Path
L1165,Beginner,1.9,3,43.90366194395376,21.87031470052727,55.270604268730175,40.17473483014224,21.5624704120737,60.27010418328605,2,1,2,2,1,2,Beginner_Path
L1166,Upper-Intermediate,2.1,6,73.46094773025312,73.93975225864402,73.52127710353479,82.0785238490987,66.80947356881194,66.4117362905645,3,3,3,3,3,3,Intermediate_Path
L1167,Upper-Intermediate,1.1,5,71.79614940563205,61.977281660654796,83.62449881594526,69.85556209702371,89.38195585208749,78.01605159726371,3,3,3,4,3,4,Intermediate_Path
L1168,Elementary,1.6,7,32.2060106949278,39.95366257710766,49.90106047134367,61.25500219721256,53.34275466076521,37.546066679622704,1,1,2,2,1,2,Beginner_Path
L1169,Beginner,2.9,4,30.600321708499337,26.968891660466856,46.82170627712102,36.335144157184544,45.98595091444392,33.877362328087024,1,1,2,1,1,2,Beginner_Path
L1170,Elementary,1.1,7,54.76651040800557,37.68142691584114,63.918776345702746,38.288101308620085,57.38566039202061,45.29562286872101,2,1,2,2,2,2,Beginner_Path
L1171,Intermediate,0.8,5,77.15907631132694,82.21912147906494,52.729859227114645,79.77320381042222,54.08650620201722,53.063163399556196,3,4,3,2,3,2,Intermediate_Path
L1172,Advanced,2.5,2,89.02474616254376,93.44455872071666,88.20094103253169,69.75022253038884,100.0,100.0,4,4,3,5,4,4,Advanced_Path
L1173,Intermediate,2.9,1,63.27811073574124,66.0173786178621,66.84962587342086,50.612612746950724,53.67192400777818,51.93406925321618,3,3,2,2,3,2,Elementary_Path
L1174,Elementary,1.5,4,59.52478156952805,49.91993486836496,79.01583661030352,41.72972148169605,64.06232359262553,50.86851538784868,2,2,3,2,2,2,Elementary_Path
L1175,Intermediate,2.2,4,51.891060637997505,38.93743211598042,56.36810287833172,83.08306273056563,64.42302156135341,35.69913130676568,2,1,3,2,2,2,Elementary_Path
L1176,Elementary,2.4,2,53.66814043285442,48.94957970323307,75.40133885996919,66.06858884146511,32.109548457536775,49.3199656336961,2,2,3,2,2,2,Elementary_Path
L1177,Intermediate,1.0,5,52.59509893667841,65.72929614507346,85.0442330367517,72.93928143642198,52.51990513399465,66.42054592352247,2,3,3,2,2,3,Intermediate_Path
L1178,Beginner,1.2,1,48.648244384910114,26.466005259608885,44.026888492984085,34.693413376236684,22.150614671278955,29.72402657420949,2,1,1,1,1,1,Beginner_Path
L1179,Intermediate,2.4,4,61.514030479517324,64.65326667161126,62.018474738001,82.26178003841775,71.63282132794208,29.897778589595873,3,3,3,2,3,3,Elementary_Path
L1180,Elementary,2.7,1,52.9845181398144,52.04336209854079,48.07934801335308,51.68352003840971,49.752645791975986,44.61348231172675,2,2,2,2,2,2,Beginner_Path
L1181,Advanced,1.9,4,82.1740140258141,100.0,94.3179746966733,97.77263370303122,67.7165756005022,85.17183850385528,4,5,4,3,4,4,UpperIntermediate_Path
L1182,Elementary,0.9,5,57.07032359610785,40.82216987486381,40.93280567440442,49.79695381106207,53.75746881719658,52.24075050744304,2,2,2,2,2,2,Beginner_Path
L1183,Intermediate,2.9,6,80.84712921231016,44.023890177242734,64.23760982679403,57.505334286767486,54.628357376116796,75.10903035413435,4,2,3,3,3,3,Elementary_Path
L1184,Upper-Intermediate,1.1,4,64.92088304571794,66.38371890627454,94.96880273850856,70.4822132607362,60.16194144966677,66.19946349399693,3,3,4,3,3,3,Intermediate_Path
L1185,Beginner,1.3,6,36.60240992352476,49.355709931636234,38.889149375232826,35.90360006580838,56.77965836968697,26.437118763397194,1,2,1,2,2,1,Beginner_Path
L1186,Upper-Intermediate,1.7,4,77.31607474168092,51.71594119158037,77.5927569601095,79.08491648678078,76.07285866096579,58.33082198628557,3,2,3,3,3,3,Intermediate_Path
L1187,Intermediate,2.6,3,67.86406211995816,34.31624284568968,47.98859525732758,61.67199798775388,57.065685976866874,56.980786170315994,3,1,2,2,2,2,Elementary_Path
L1188,Beginner,2.1,5,34.40453714710531,35.89395278931613,48.740620881310434,37.68528629796316,36.00575219013983,39.79354258818502,1,1,2,1,1,2,Beginner_Path
L1189,Elementary,1.8,2,21.6696970985726,40.57410707225844,57.64481684951374,63.09523992698854,34.86720530842228,39.54344605637416,1,2,3,1,1,2,Beginner_Path
L1190,Intermediate,1.8,6,73.59189494164025,55.077278931756844,65.6370235976577,28.332469312592693,46.9545110041589,62.78682745725789,3,2,2,2,3,2,Elementary_Path
L1191,Beginner,1.5,2,47.60506119584143,44.45311771235865,42.83172949777857,43.09887247921195,52.84916784875083,39.653840768191756,2,2,2,2,2,2,Beginner_Path
L1192,Intermediate,1.9,5,42.57052469513335,49.474306538811476,62.07242081227545,65.17738706658979,55.26117130214281,55.4323168964489,2,2,3,2,2,2,Elementary_Path
L1193,Elementary,0.5,7,43.92431208220444,26.269941690693795,60.01900233700672,59.46962868255169,50.220677009368636,35.97585279255875,2,1,2,2,1,2,Beginner_Path
L1194,Intermediate,1.3,2,75.68182429527326,75.44481557199944,64.71183398411377,57.351285589466386,39.55669523798925,50.18135684515277,3,3,3,2,3,2,Elementary_Path
L1195,Beginner,1.7,5,54.47796418457866,25.027717125612238,48.14971871555332,40.07920067383957,26.819079642044944,10.70244702317455,2,1,2,0,1,1,Beginner_Path
L1196,Upper-Intermediate,0.7,2,84.38640022678945,59.40962877987903,82.14982817454548,82.85948383314721,81.09812519874752,72.35787064198034,4,2,4,3,3,3,Intermediate_Path
L1197,Advanced,1.8,6,88.23887566040138,96.03720013722597,100.0,100.0,93.77711760113834,85.26341288747435,4,4,5,4,4,4,Advanced_Path
L1198,Advanced,1.4,3,90.8298741881251,81.15510878958482,100.0,84.99464014821231,100.0,86.88478991089487,4,4,4,4,4,4,Advanced_Path
L1199,Intermediate,2.7,2,58.69074194873873,54.366101479651896,66.9286184315019,60.669757831275604,73.42956331631227,60.043190155645604,2,2,3,3,2,3,Elementary_Path
L1200,Beginner,2.6,6,51.282397832688375,39.82790124060318,60.184220306521794,54.785739643487574,37.69289027515177,38.85821486432223,2,1,2,1,2,2,Beginner_Path
L1201,Intermediate,1.2,4,51.2415759350489,65.83583103109996,69.20268529056561,36.75972924121149,64.7295356471327,53.896168193539644,2,3,2,2,2,2,Elementary_Path
L1202,Beginner,1.4,5,31.94200345115795,31.66539306818228,58.04962688790419,31.099874001854147,36.83396557096926,35.486680431627526,1,1,2,1,1,2,Beginner_Path
L1203,Beginner,1.4,1,50.10274586836016,50.19952005914299,51.069426083866375,52.658359786029635,60.54809818638648,20.956835833038305,2,2,2,2,2,2,Beginner_Path
L1204,Elementary,1.2,7,49.556385444884384,23.642001512651944,36.58080921068457,58.92537833608303,61.490146960524,39.16279354310574,2,1,2,2,1,2,Beginner_Path
L1205,Elementary,1.6,1,63.78467355453808,52.59787236953077,68.04834763319329,53.22445210926694,51.69685090857751,45.504710536834615,3,2,3,2,2,2,Elementary_Path
L1206,Intermediate,1.0,5,53.28487793019454,46.60472441982343,66.35176241342668,53.514031268908795,62.00394784876352,47.641464240876395,2,2,2,2,2,2,Elementary_Path
L1207,Intermediate,0.7,3,59.452216396611746,68.72271316607991,64.48045229099222,49.181815010145804,74.44850287259808,63.60150795872546,2,3,2,3,3,3,Elementary_Path
L1208,Elementary,1.9,2,40.77587015156047,46.42044478830545,57.81348347489577,42.08784380757626,55.79577847113847,38.4136791904497,2,2,2,2,2,2,Beginner_Path
L1209,Elementary,1.9,3,50.07362681423567,38.27094667990598,51.55016838042933,63.48008220818693,65.58628017070086,47.16305411248317,2,1,2,2,2,2,Elementary_Path
L1210,Advanced,0.9,1,75.214530630012,91.62841093021632,97.27028860388945,81.71557310844653,68.06352073741127,86.16565656815335,3,4,4,3,4,4,UpperIntermediate_Path
L1211,Elementary,2.1,7,45.123665790450374,53.93188347207251,49.08123933656908,49.01422964239658,54.61228261498798,52.462775936104094,2,2,2,2,2,2,Elementary_Path
L1212,Elementary,1.1,6,35.63746135071882,51.418941228586384,67.7427225873437,40.46292355138254,44.84565135318615,54.00791174028302,1,2,2,2,2,2,Beginner_Path
L1213,Beginner,1.7,7,46.93923233191258,24.703037603669394,43.8641188637895,46.427740300990266,57.56377987627992,41.9403261096794,2,1,2,2,1,2,Beginner_Path
L1214,Intermediate,2.1,5,67.16589339759652,50.15982876377915,61.17416157277567,52.61273719653559,75.4639868718983,33.939937986168665,3,2,2,2,2,2,Elementary_Path
L1215,Intermediate,1.5,5,42.697372695156545,54.95927162878565,55.75074184280726,57.02406109845586,60.328358091013065,66.94148148013127,2,2,2,3,2,3,Elementary_Path
L1216,Beginner,1.8,3,53.33885745500573,34.58740347349939,47.68775789148641,21.166178669571742,55.356309788110316,50.27308224194598,2,1,1,2,2,2,Beginner_Path
L1217,Beginner,1.1,6,64.97415126419854,42.497454754383476,46.87107100125092,21.8663176379506,57.83114519992506,30.178757156785306,3,2,1,2,2,1,Beginner_Path
L1218,Intermediate,1.4,3,60.46006386736341,34.85098767493392,68.88424613677506,58.076731933215065,60.744066719261475,57.3664691267285,3,1,3,2,2,3,Elementary_Path
L1219,Intermediate,1.4,2,53.58885739775355,58.343270545535034,54.72748112494871,44.74842844802238,84.71933772431858,46.09168319869218,2,2,2,3,2,2,Elementary_Path
L1220,Elementary,1.0,4,78.24330591003047,42.100186455633605,38.98818801188427,69.05086639334502,49.68658847330278,25.516214932678487,3,2,2,1,3,2,Elementary_Path
L1221,Advanced,1.4,6,76.8103150169749,76.61499383616048,100.0,67.38476887887751,87.85479049664092,77.61284734457614,3,3,4,4,3,4,UpperIntermediate_Path
L1222,Beginner,0.5,4,40.20106466869098,27.575132222304006,59.84641861876508,29.99824701335896,48.65872588584343,29.598609605363897,2,1,2,1,1,2,Beginner_Path
L1223,Elementary,1.2,7,51.796222726319236,42.85462335482036,44.73646377610104,48.16700867267551,46.46209268857686,41.45149268648184,2,2,2,2,2,2,Beginner_Path
L1224,Upper-Intermediate,1.3,2,88.45147620452414,33.98914895540482,95.89441283561699,69.34867062204215,75.85339775794894,60.41085909994012,4,1,4,3,3,3,Intermediate_Path
L1225,Elementary,1.3,4,53.59738975126788,37.9871042920845,57.839110587363805,36.95854543336081,64.0943442405091,37.665748331827615,2,1,2,2,2,2,Beginner_Path
L1226,Intermediate,1.3,1,55.01366104211549,46.24185175353706,64.9293709544917,48.42072160504732,60.19218852217271,54.889936783715925,2,2,2,2,2,2,Elementary_Path
L1227,Elementary,1.5,7,40.48815629612044,50.32783209322624,51.02451303454222,38.093459225007614,33.049822070246925,37.29773016889858,2,2,2,1,2,1,Beginner_Path
L1228,Elementary,1.8,4,46.581781797538646,36.94473317489479,41.15481980575004,45.13278305179937,53.673193878491965,50.43524332550028,2,1,2,2,2,2,Beginner_Path
L1229,Advanced,2.1,2,79.93072639054856,82.8488619982951,100.0,100.0,83.03706420947606,91.81660651397439,3,4,5,4,4,4,UpperIntermediate_Path
L1230,Elementary,1.0,4,50.47825319784683,60.42276627661302,47.24393638562397,48.7793729655821,58.652711572945464,68.8038774616449,2,3,2,3,2,2,Elementary_Path
L1231,Upper-Intermediate,0.7,5,69.35803820139513,79.94351519815423,72.201933242624,84.82900489387524,81.96189715826246,81.25679932123462,3,3,3,4,3,4,Intermediate_Path
L1232,Beginner,0.8,3,25.059622067102495,44.02271399943453,54.91926309886955,43.069763458281415,54.71400348166522,37.43103058328414,1,2,2,2,1,2,Beginner_Path
L1233,Beginner,1.2,1,52.55145788374904,30.001275695891483,26.170165533282734,49.138623979822206,49.07532300792697,28.797357033323213,2,1,1,1,2,1,Beginner_Path
L1234,Beginner,1.3,5,35.02327476570961,40.430322792896526,29.764021893318333,10.00035697406414,50.90244283658065,37.937473516739985,1,2,0,2,1,1,Beginner_Path
L1235,Intermediate,1.0,5,47.318631950246875,52.66102199546406,64.81865756491918,54.9554197885177,53.30903239862287,58.26595959916356,2,2,2,2,2,2,Elementary_Path
L1236,Elementary,0.6,2,48.31740865512459,43.03906789323062,57.93284429004852,61.07135423150714,58.03986495890503,39.866869109943394,2,2,2,2,2,2,Elementary_Path
L1237,Upper-Intermediate,1.2,3,75.6837156596766,74.0968534374655,84.84734647968924,67.28264177250666,94.6845128936029,77.83731396752877,3,3,3,4,3,4,Intermediate_Path
L1238,Elementary,1.6,3,32.53533274420967,39.03006411579068,51.98201506603747,65.62473164869613,43.11350091363233,31.01901985318125,1,1,2,1,1,2,Beginner_Path
L1239,Advanced,1.9,6,93.31647667125763,99.93003104443204,100.0,100.0,100.0,82.5560016446249,4,4,5,4,4,4,Advanced_Path
L1240,Beginner,1.1,7,29.528424313097354,33.39869860402063,42.72107441234166,33.30869283872538,34.5064990879867,40.55858459317407,1,1,1,1,1,1,Beginner_Path
L1241,Upper-Intermediate,1.2,1,92.11028809190788,76.18360566259665,77.69213847897278,67.96836480953644,66.48028754950026,67.12415852407904,4,3,3,3,4,3,Intermediate_Path
L1242,Intermediate,0.9,7,65.23960512076735,69.55600479257298,57.03013331186123,47.86394157645531,62.96200443354838,52.93245596570729,3,3,2,2,3,2,Elementary_Path
L1243,Intermediate,1.5,2,56.001000098906836,65.31653774575175,66.23906816521071,51.70405768136202,67.1591041612881,53.622141388077196,2,3,2,3,3,2,Elementary_Path
L1244,Upper-Intermediate,0.9,1,67.5483222968265,55.91080897309475,86.14961232046775,60.674109358310844,84.11750123972266,61.643987593122546,3,2,3,3,3,3,Intermediate_Path
L1245,Intermediate,1.9,6,58.95032292436376,59.44895895009884,77.0357805453346,62.28811180433006,50.38237579226798,66.73900931574208,2,2,3,2,2,3,Elementary_Path
L1246,Intermediate,0.5,4,66.1279074158329,63.50719394460647,50.10715735559782,43.43953506653567,64.3454009725429,44.81962328077185,3,3,2,2,3,2,Elementary_Path
L1247,Beginner,1.2,5,39.745058714148,43.918630221607486,42.54004661644299,44.03733016190222,33.14445428516495,38.18159327409885,1,2,2,1,2,1,Beginner_Path
L1248,Beginner,1.7,1,37.82841192863143,23.86705165885369,49.46703610809144,44.280786969002484,25.110777439294232,39.13647898282373,1,1,2,1,1,1,Beginner_Path
L1249,Upper-Intermediate,1.6,7,75.58370290817895,63.42964762982676,85.87057534594535,56.38795594816077,65.71263684467215,60.51378098791033,3,3,3,3,3,3,Intermediate_Path
L1250,Intermediate,3.4,5,53.961410687630455,64.94558235741621,65.0654865780454,73.4981860632834,52.49099634044182,55.73104254380743,2,3,3,2,2,3,Elementary_Path
L1251,Intermediate,1.7,2,56.56794073156962,47.38239629317354,70.42423969532102,63.13609294415222,65.21595160352507,45.90367827255298,2,2,3,2,2,3,Elementary_Path
L1252,Elementary,0.8,7,29.14207561094996,42.00303943335686,46.910361070742,55.49698021444869,61.52213663068669,58.91042475055946,1,2,2,3,1,2,Beginner_Path
L1253,Beginner,1.4,4,49.737262308523675,50.758758095019694,60.57905432318357,30.413347984572276,25.267933701247333,23.61217063023787,2,2,2,1,2,1,Beginner_Path
L1254,Beginner,0.5,2,42.98797780321762,34.5220074961521,54.926281029794296,44.22379118473118,43.51961074208056,28.461029057680356,2,1,2,1,1,2,Beginner_Path
L1255,Intermediate,1.4,4,52.265441559665696,47.73225862166157,51.55072212934827,69.26393449722066,48.23301814229094,42.7577499164442,2,2,3,2,2,2,Elementary_Path
L1256,Elementary,0.9,4,68.98734981355238,36.22382643137095,44.248969518832446,47.01391600995323,56.29085409014,31.42301273132448,3,1,2,2,2,2,Beginner_Path
L1257,Beginner,2.1,5,40.87016480392386,38.32719329585188,34.53078249893094,58.01922459248361,33.77269418996252,50.91215290882293,2,1,2,2,1,2,Beginner_Path
L1258,Elementary,1.1,2,39.63856428024803,31.66851991522791,61.77969970896528,48.44064634912937,39.48670981976721,50.427746739125624,1,1,2,2,1,2,Beginner_Path
L1259,Beginner,1.4,2,48.567374214704586,32.52664036103582,32.15272233582533,49.40785800452474,47.99664515347575,36.40293425700544,2,1,2,2,2,2,Beginner_Path
L1260,Intermediate,1.1,1,63.980482165092624,58.33230534990022,61.6897566579192,60.93008807258655,54.13077394554905,48.434230366530784,3,2,3,2,3,2,Elementary_Path
L1261,Elementary,2.7,7,53.94579985484219,57.991498205476674,59.54704396416774,53.855215328568676,46.84036048647302,54.07611811046768,2,2,2,2,2,2,Elementary_Path
L1262,Intermediate,1.3,2,55.7424439534841,61.675480803699955,64.33834065453566,41.28667732365228,37.80010912443623,46.75777560632547,2,3,2,2,2,2,Elementary_Path
L1263,Elementary,2.8,1,54.504957237780346,37.85934882017821,57.588875157127056,51.71053738215363,59.46551361423474,52.93639294330103,2,1,2,2,2,2,Elementary_Path
L1264,Elementary,2.1,3,47.38241709778905,56.7841931756372,44.341972886512416,40.65024898742734,58.209085211691075,36.27488723394364,2,2,2,2,2,2,Beginner_Path
L1265,Beginner,1.8,3,45.559414516458425,32.00484962452522,50.94854373397244,29.53601694222312,40.05457844281314,28.55492298124328,2,1,2,1,1,1,Beginner_Path
L1266,Beginner,1.8,3,20.95055545989361,22.64296977950591,38.867881075240035,55.44103184465978,24.72419058644241,42.58282386117921,1,1,2,1,1,2,Beginner_Path
L1267,Elementary,1.8,6,45.661265370208106,43.27958640734528,51.75380325602059,45.86229751937651,62.09369178334763,53.63827344155767,2,2,2,2,2,2,Elementary_Path
L1268,Elementary,0.5,2,67.22155097808195,59.38169201145702,57.37731727905986,37.966981690245035,43.33736613639209,50.97472933896761,3,2,2,2,3,2,Elementary_Path
L1269,Intermediate,1.3,6,52.32932544599699,56.65240050064925,66.03078221530848,54.408683718911256,55.46646549899412,44.503258842432054,2,2,3,2,2,2,Elementary_Path
L1270,Elementary,2.1,7,43.961617025068136,45.12521864329786,55.23980019015593,34.99549771078086,73.12044056359531,40.53273134277171,2,2,2,2,2,2,Beginner_Path
L1271,Intermediate,1.5,2,55.52038661550025,71.37211644702853,57.493731780232444,72.3388446819627,52.963635558907704,56.568987411985134,2,3,3,2,3,2,Elementary_Path
L1272,Upper-Intermediate,0.5,1,62.85193864111356,55.68645152945573,77.00450588800808,66.04319255833485,82.422099624265,61.50719038089908,3,2,3,3,2,3,Intermediate_Path
L1273,Intermediate,1.5,6,37.91719223771748,42.14400885947228,65.02183590837036,63.29299933943669,65.62092262082618,68.70962760129294,1,2,3,3,2,3,Elementary_Path
L1274,Beginner,2.7,6,37.69413601476387,18.841535290331677,31.24914766832915,51.561067142103255,43.90172192880085,10.980530560494543,1,0,2,1,1,1,Beginner_Path
L1275,Elementary,2.4,7,51.35859424081657,48.72648186480055,50.37467033686621,42.99847318785271,52.82000542554511,37.21260484630847,2,2,2,2,2,2,Beginner_Path
L1276,Beginner,1.5,6,39.474949314613475,36.66493127115125,48.876798790328465,43.32022432272786,43.76388561889199,29.904334971301683,1,1,2,1,1,2,Beginner_Path
L1277,Beginner,2.2,4,38.55121438052113,50.42736367279776,32.22563396154658,27.6991394509557,42.7194059094054,6.560563352282323,1,2,1,1,2,1,Beginner_Path
L1278,Advanced,1.2,1,90.43040870850388,87.4347507713677,100.0,100.0,89.48081641223939,71.0377086976381,4,4,5,4,4,4,UpperIntermediate_Path
L1279,Beginner,0.5,3,50.22841471550764,30.958428405206973,57.69613262599843,47.36380134616622,55.11283124110742,41.252895125420686,2,1,2,2,2,2,Beginner_Path
L1280,Elementary,0.9,1,48.09553814070783,45.01794872878107,42.548494240399144,46.07393561239194,36.873394392007214,45.302836365529636,2,2,2,2,2,2,Beginner_Path
L1281,Intermediate,2.6,4,54.259174229127304,56.17707418460958,78.57619633050139,50.271662691110365,70.21458104015376,70.73136022042902,2,2,3,3,2,3,Elementary_Path
L1282,Intermediate,1.3,7,57.188745151119136,38.28238726671833,63.56418411287866,56.86003447160374,68.22342298687552,70.45226445884819,2,1,3,3,2,3,Elementary_Path
L1283,Intermediate,1.3,7,65.79346759756775,82.10331644334893,69.18514559157055,54.60016277648481,66.98399121329402,59.330463786039466,3,4,3,3,3,3,Intermediate_Path
L1284,Beginner,1.3,2,54.12026878543249,40.198710181019116,40.033489478717534,57.529445539995066,51.169794276401284,38.13238249000712,2,2,2,2,2,2,Beginner_Path
L1285,Elementary,2.8,1,43.71856260830822,47.10008308022589,64.23044827226762,35.74465277785097,49.07400604731607,45.65931108578901,2,2,2,2,2,2,Beginner_Path
L1286,Elementary,2.6,7,50.989337870288836,51.151639842785805,59.06094018848667,49.34801423290203,31.310259241731234,18.4491798212051,2,2,2,1,2,1,Beginner_Path
L1287,Beginner,3.1,6,43.3835744193596,42.09410980586605,36.858467434023964,37.8166193336629,39.277073402855144,21.054404866739247,2,2,1,1,2,1,Beginner_Path
L1288,Elementary,1.4,7,40.07421993271177,43.594465144975686,43.347980000347114,46.82589699655131,40.088057823754454,46.00675503098934,2,2,2,2,2,2,Beginner_Path
L1289,Beginner,1.7,7,40.20417167212918,28.687588637592995,30.396975647907773,36.91383345061658,32.68140790141936,41.160257087476715,2,1,1,1,1,1,Beginner_Path
L1290,Beginner,0.5,7,25.343261426579048,40.99450686321704,46.87941776432756,36.83929189879517,27.57580326167588,37.896698121381405,1,2,2,1,1,1,Beginner_Path
L1291,Elementary,2.5,7,32.30949696260601,48.85710840531453,60.72471411779736,56.730660663321,45.22655141556166,36.07535032284342,1,2,2,2,2,2,Beginner_Path
L1292,Beginner,0.7,3,43.66746407892257,26.90109900910592,51.50965678779441,44.089844464924354,34.03376306016551,44.37406282469496,2,1,2,1,1,2,Beginner_Path
L1293,Intermediate,1.7,3,56.16125258669217,69.19035611367264,63.82018905392622,62.18911611372786,36.22430170072897,69.82444028754637,2,3,3,2,3,2,Elementary_Path
L1294,Intermediate,0.7,2,62.02280407621219,57.93352036322983,53.43003544335636,27.66010637854731,67.00221911282289,64.3798960029134,3,2,2,3,2,2,Elementary_Path
L1295,Upper-Intermediate,1.1,7,74.8210502299165,77.29819362267631,73.17925201976217,75.99794874163163,97.20321858004883,79.8959932959047,3,3,3,4,3,4,Intermediate_Path
L1296,Beginner,0.9,1,30.235999513362025,48.91920887679919,56.52348638961926,21.443606398299174,46.06237193496288,29.40774202044789,1,2,1,1,1,1,Beginner_Path
L1297,Beginner,1.1,4,39.547456980356635,35.21888821164835,40.153714353999185,44.46320163135825,37.97076043465772,45.759341227007994,1,1,2,2,1,2,Beginner_Path
L1298,Beginner,1.1,2,27.668986949851448,38.169520069841155,46.43417630681476,52.74497367570515,39.45253604323784,36.45758639327657,1,1,2,1,1,2,Beginner_Path
L1299,Intermediate,1.1,1,73.909723580014,63.10027238506116,54.24349516425113,48.73760887411449,55.79014131986824,60.11555528522005,3,3,2,2,3,2,Elementary_Path
L1300,Intermediate,2.1,7,46.440296551400365,47.75138916199948,68.36583045459035,55.382192776572936,60.90041583866958,58.654318428247095,2,2,3,2,2,3,Elementary_Path
L1301,Beginner,0.7,5,38.04214729031418,35.54051662846001,40.42315438320922,32.00644294947003,39.629919059267664,33.785128945595886,1,1,1,1,1,1,Beginner_Path
L1302,Upper-Intermediate,1.7,7,64.57728411952752,71.25548586651148,90.46712713775764,85.35431775756801,66.58951569601706,61.39997524877698,3,3,4,3,3,3,Intermediate_Path
L1303,Beginner,2.4,3,45.704211733607956,25.439414483166054,52.73557706206813,38.95027885272073,56.82888388947831,34.178633364459536,2,1,2,2,1,2,Beginner_Path
L1304,Elementary,1.1,4,46.68568628718497,68.17636788673879,50.042940534251,65.28329380566333,35.12845764290229,54.86761617482823,2,3,2,2,2,2,Elementary_Path
L1305,Intermediate,1.0,6,54.8133328037879,40.92706556507598,63.73335972652337,62.13754202947388,67.18331543194246,50.5852419468709,2,2,3,2,2,3,Elementary_Path
L1306,Upper-Intermediate,1.3,4,83.53201545051554,57.01896096312842,74.48883759959371,75.4245018063582,73.98802372682468,78.93347262608145,4,2,3,3,3,3,Intermediate_Path
L1307,Intermediate,2.3,6,60.29430591677552,68.14226575703579,50.8056680345499,58.682067826028366,79.00831815065744,62.37070670617672,3,3,2,3,3,3,Elementary_Path
L1308,Upper-Intermediate,1.6,4,80.16644445935967,77.13266250796542,71.42557570452783,81.17992099257337,78.4086459924822,67.0106260298017,4,3,3,3,3,3,Intermediate_Path
L1309,Elementary,1.1,3,40.186740634825355,34.74035182519222,56.982173277208204,30.623138017546566,46.400944628167515,58.88800103619577,2,1,2,2,1,2,Beginner_Path
L1310,Upper-Intermediate,1.8,6,60.95183056072493,76.07289015101694,83.25259498229582,73.8534395552051,72.52292801565503,66.44453328809294,3,3,3,3,3,3,Intermediate_Path
L1311,Beginner,0.7,1,41.07207962040134,49.6785044499731,46.48547903592639,37.29953556272035,40.39906694519761,50.09546862612632,2,2,2,2,2,2,Beginner_Path
L1312,Upper-Intermediate,2.0,6,71.81153644505268,69.69736942403014,76.98266946041365,80.25418827157766,63.57209305003599,74.34126981540973,3,3,3,3,3,3,Intermediate_Path
L1313,Elementary,1.8,2,56.26434672453944,70.98822900074582,64.33066605720985,46.12298394125963,42.331304748820884,44.84134081546487,2,3,2,2,3,2,Elementary_Path
L1314,Upper-Intermediate,1.3,1,74.20091547337451,52.75938189131965,80.63541904560937,62.6126556583733,57.150560308081424,61.12198619662346,3,2,3,2,3,3,Elementary_Path
L1315,Elementary,0.9,2,52.0507533923463,51.93823453859102,62.03253828095947,48.073506749196994,40.77023101625906,44.11739769864959,2,2,2,2,2,2,Beginner_Path
L1316,Intermediate,0.9,7,43.76617470058757,66.66528336221003,47.26224867797481,47.171594711316565,60.9390648166045,52.962404865055795,2,3,2,2,2,2,Elementary_Path
L1317,Elementary,1.9,4,68.88436939614257,53.913439016052465,15.775997483816575,28.747377874125146,53.00175049284521,32.41703614749095,3,2,1,2,3,1,Beginner_Path
L1318,Intermediate,2.4,1,58.357580149679684,52.95644273354352,67.8378802783808,65.27122481485493,40.20670305003598,52.823845772823326,2,2,3,2,2,2,Elementary_Path
L1319,Beginner,1.1,4,46.97586970339199,32.09558517988851,30.752343462785106,43.790615726946704,38.627882969557994,26.961968199029144,2,1,1,1,1,1,Beginner_Path
L1320,Beginner,1.8,7,31.639083297803737,39.44145171087257,42.87548297286944,42.67090943993575,45.634099508221325,40.85991768978782,1,1,2,2,1,2,Beginner_Path
L1321,Beginner,0.5,5,43.08009902217341,43.157544866520695,41.97902958975394,51.02928421945811,38.370878066237644,48.06280475728203,2,2,2,2,2,2,Beginner_Path
L1322,Beginner,1.1,4,26.971552364752547,41.02473436282364,60.87400602415537,31.349681096960747,33.662113542221995,22.730843237047594,1,2,2,1,1,1,Beginner_Path
L1323,Upper-Intermediate,1.5,7,79.52067838259671,80.40057890793389,83.99996552943607,58.68885857228745,70.87838854951787,87.12307728366923,3,4,3,3,3,3,Intermediate_Path
L1324,Beginner,0.9,4,36.44025915614167,24.811300429332647,46.658590267986725,37.299702231919554,34.59236645022778,33.7144896561487,1,1,2,1,1,1,Beginner_Path
L1325,Advanced,0.8,7,90.29190503935567,82.72229020876365,100.0,84.52499700294089,83.63269440891943,75.24978615061485,4,4,4,3,4,4,UpperIntermediate_Path
L1326,Elementary,1.0,2,56.97974030130098,35.59984067876246,58.68497586839039,39.57704283229931,51.73823525244848,52.57754780208183,2,1,2,2,2,2,Beginner_Path
L1327,Beginner,1.7,7,27.6745968877972,31.138872239138585,40.42323007011567,37.20150846512204,63.076882277354514,30.53545521744952,1,1,1,2,1,2,Beginner_Path
L1328,Intermediate,1.4,6,53.15508269387203,65.15220891814306,75.7147593025456,51.883948537954154,52.56300083094817,54.18263323968506,2,3,3,2,2,2,Elementary_Path
L1329,Intermediate,0.5,5,64.57324281086765,56.07983920725229,53.902498721117254,39.63994716643169,56.81857367338573,50.95721755787921,3,2,2,2,3,2,Elementary_Path
L1330,Elementary,0.5,4,70.98221474546747,71.0685916314977,58.23247187533562,43.588233092062396,49.483020606247685,36.832620681351,3,3,2,2,3,2,Elementary_Path
L1331,Intermediate,1.1,7,58.61917665338518,56.93406367189717,49.52430205863689,46.63624833296143,53.126455656417065,62.23997032401904,2,2,2,2,2,2,Elementary_Path
L1332,Intermediate,1.8,7,65.91136117923932,55.596918805797365,67.03943857515995,60.316480716109226,70.98235803523427,52.13698597105813,3,2,3,3,3,3,Elementary_Path
L1333,Beginner,0.5,4,38.930285301415196,36.061829194402165,46.929896417729296,31.43965241759345,16.29114626693562,20.633482078207543,1,1,1,0,1,1,Beginner_Path
L1334,Advanced,1.2,5,100.0,78.62191307140064,100.0,99.11631474141052,84.68940829621324,90.51060124215932,5,3,4,4,4,4,Advanced_Path
L1335,Advanced,1.1,5,72.52778333034745,84.42163387622406,79.3502610655822,100.0,98.18313736319962,72.94417648976244,3,4,4,4,3,4,UpperIntermediate_Path
L1336,Intermediate,2.5,7,60.94621044669358,66.27788027111646,58.99112824146187,64.79381373011906,57.05905691611366,43.46739827324741,3,3,3,2,3,2,Elementary_Path
L1337,Beginner,1.2,1,23.74455966437939,36.13970668127772,53.22682426574144,22.4897381801668,31.791610411497086,46.926062049773165,1,1,1,1,1,1,Beginner_Path
L1338,Intermediate,1.8,2,34.93428429463283,47.06540270116528,68.35317256397308,73.0519599887904,64.40756754438765,43.03660100789788,1,2,3,2,2,3,Elementary_Path
L1339,Beginner,1.6,5,42.97462053117817,25.749153795213648,46.803050513375034,53.757204503737654,49.06343235397152,11.835551430725097,2,1,2,1,1,2,Beginner_Path
L1340,Beginner,0.5,5,41.39497796147459,30.497981083341564,35.438642970414605,38.18790511307941,42.10635445215058,41.22861484961496,2,1,1,2,1,1,Beginner_Path
L1341,Elementary,2.0,3,47.15163062257798,45.7386343441088,49.09181651908571,61.22926160335532,41.987796401871165,41.9613657051887,2,2,2,2,2,2,Beginner_Path
L1342,Elementary,1.7,6,48.93805909960247,56.93586535476262,67.45041008223257,42.48324861953322,54.56203319151743,42.82344878861883,2,2,2,2,2,2,Elementary_Path
L1343,Upper-Intermediate,1.9,5,100.0,56.59511358633563,79.48490806246072,54.337540651504106,70.9795069972521,66.854996066498,5,2,3,3,3,3,Intermediate_Path
L1344,Intermediate,4.0,2,57.418248619685656,51.80173722111244,68.75359696144473,50.397155613784065,67.45186881893828,57.31669939018727,2,2,2,3,2,3,Elementary_Path
L1345,Intermediate,0.5,6,65.10124361250075,56.44310019435079,63.84811671223521,75.29300866044757,74.8325888485659,47.47280758096932,3,2,3,3,3,3,Elementary_Path
L1346,Elementary,2.7,6,43.50635180386119,26.662942323705654,43.16914484750235,33.089200763885266,23.94423244311467,59.76114874565764,2,1,1,2,1,1,Beginner_Path
L1347,Elementary,1.3,4,52.95232575040603,36.66401717033594,64.33810426074997,47.99521281931494,51.11067473195633,30.237695196906017,2,1,2,2,2,2,Beginner_Path
L1348,Elementary,1.7,4,47.61766324944382,38.201114602638135,60.03232384532496,48.341438933402124,32.64266063052373,49.44874916677123,2,1,2,2,2,2,Beginner_Path
L1349,Advanced,1.5,4,85.89481517270269,77.04029626149502,100.0,82.87025756032187,100.0,91.42121003876584,4,3,4,4,4,4,UpperIntermediate_Path
L1350,Beginner,1.2,4,58.18898532200325,36.918895450216475,34.84418620349455,33.56478400162885,35.318754662038096,27.40348239166622,2,1,1,1,2,1,Beginner_Path
L1351,Upper-Intermediate,1.1,3,86.7718496318434,68.39440390498203,88.22572921200481,73.72249134236203,82.46373241825373,59.76265554722182,4,3,4,3,3,3,Intermediate_Path
L1352,Intermediate,1.7,5,61.36746647399231,49.44713897398964,51.884560339629985,52.37837658065273,59.64683140405104,65.17174214170156,3,2,2,3,2,2,Elementary_Path
L1353,Elementary,0.5,4,26.957880640560333,49.279626265526346,56.57346567673078,33.779415028320685,41.969154192809405,35.091392459832846,1,2,2,1,1,2,Beginner_Path
L1354,Intermediate,2.0,7,56.389907767474305,72.2307471764625,74.76506589063165,60.15031942943456,50.77946952822573,48.93336059249433,2,3,3,2,3,2,Elementary_Path
L1355,Elementary,1.2,1,77.03027564405083,61.39256516741752,34.27864883903513,58.73366582444972,65.85679173100759,53.87308962459746,3,3,2,2,3,2,Elementary_Path
L1356,Upper-Intermediate,0.7,4,72.69338333360292,50.77228227937664,77.95067525758392,81.69572518653422,84.5593806017831,70.34741233539025,3,2,3,3,3,3,Intermediate_Path
L1357,Upper-Intermediate,1.2,5,86.03217572053659,75.77072183835139,74.3679026595738,64.90264532610189,94.43584087377563,52.02856332370895,4,3,3,3,4,3,Intermediate_Path
L1358,Elementary,2.4,4,64.419424019526,43.21976709936162,47.98042701704878,35.48772084622324,50.55453335157699,62.47059144553514,3,2,2,2,2,2,Elementary_Path
L1359,Elementary,1.1,3,52.18963915855975,46.55155342865356,58.852126522593544,45.15812117845221,52.87919621246,39.69989241220034,2,2,2,2,2,2,Beginner_Path
L1360,Intermediate,1.8,2,51.58178368131848,51.01716966457452,76.20685706422596,73.67791509795664,57.32808434344712,50.972427100935825,2,2,3,2,2,3,Elementary_Path
L1361,Upper-Intermediate,1.0,2,50.64687668217111,71.17588629887203,78.66721284770844,79.45598078959546,72.1291779688499,72.55784252326366,2,3,3,3,3,3,Intermediate_Path
L1362,Beginner,2.0,5,46.84163208608955,36.51407396072019,47.0548642756002,45.03964676794234,29.58113067522632,41.25076797004073,2,1,2,1,2,2,Beginner_Path
L1363,Intermediate,2.0,7,51.85243997176452,49.210482426510765,66.14308753059248,66.89856951785495,60.840101909243515,74.61104291291467,2,2,3,3,2,3,Elementary_Path
L1364,Intermediate,2.8,2,61.76150451887692,46.03632452174819,65.01803506356414,62.20766562518586,52.10753405113803,38.399318505943036,3,2,3,2,2,2,Elementary_Path
L1365,Intermediate,1.4,2,47.50179660410636,50.51304317380516,54.10657362287894,59.20608547613578,64.41908922164203,63.259522089259455,2,2,2,3,2,3,Elementary_Path
L1366,Beginner,2.0,1,37.34762459529798,37.34259264456765,56.08444601722893,44.62306896647968,41.700102189802095,42.43009694050077,1,1,2,2,1,2,Beginner_Path
L1367,Intermediate,1.6,5,60.33719054901053,60.98996341684264,67.95195368158836,52.5383389578198,62.87682043675722,53.62835089125883,3,3,3,2,3,2,Elementary_Path
L1368,Upper-Intermediate,2.4,7,77.68593581044298,78.53348977340147,83.94881490002578,58.85536988633679,91.75129939690225,77.87273694816223,3,3,3,4,3,3,Intermediate_Path
L1369,Beginner,1.0,5,28.851778126475857,30.058099769330873,36.93490370974418,45.22996934624323,39.62282050234409,44.34274017636547,1,1,2,2,1,2,Beginner_Path
L1370,Beginner,2.0,2,51.96910948761352,37.838445673027366,40.4077960201076,50.37738105749225,47.56727002853428,21.180372150129955,2,1,2,1,2,1,Beginner_Path
L1371,Advanced,1.4,2,84.03105215268029,94.62502591953299,93.23865802289221,76.8176806064397,100.0,100.0,4,4,4,5,4,4,Advanced_Path
L1372,Beginner,1.5,2,23.25530539546755,46.65594895144128,29.658753065511483,46.219214824159,53.06617069295048,19.412377468618583,1,2,1,1,1,1,Beginner_Path
L1373,Upper-Intermediate,1.6,6,73.90976580036536,69.41167145868478,63.11965674802322,89.8076571338819,86.53169698454845,58.64683718761227,3,3,3,3,3,3,Intermediate_Path
L1374,Elementary,1.7,3,50.3437530902646,42.79068275060387,48.992520693614324,47.97753798242879,46.933117844795,42.382123263759034,2,2,2,2,2,2,Beginner_Path
L1375,Beginner,1.4,4,41.6058943317176,36.91124233836392,50.2252076644239,29.819978152582536,42.296430555677965,54.24940513187056,2,1,2,2,1,2,Beginner_Path
L1376,Upper-Intermediate,1.7,3,88.6213240368508,58.502925271025944,73.46862610070059,74.23018673526755,61.81723707970058,66.91743370246614,4,2,3,3,3,3,Intermediate_Path
L1377,Elementary,2.6,5,47.6355116326414,43.06390488964492,44.811948024092864,42.49466031799299,54.98914400964414,44.68066109949189,2,2,2,2,2,2,Beginner_Path
L1378,Elementary,2.2,1,48.803803756312284,52.4458639847313,46.8531434676233,41.832698900435986,52.74460177613842,59.320786039045636,2,2,2,2,2,2,Elementary_Path
L1379,Elementary,2.1,4,38.96815618766907,51.41947129443701,50.44657576854687,52.33184067271543,50.23385125156181,41.99681857434527,1,2,2,2,2,2,Beginner_Path
L1380,Intermediate,1.2,1,68.20553502887897,52.29732395636111,61.46141037179896,41.962705249701045,70.2719478824286,43.21563287069324,3,2,2,2,3,2,Elementary_Path
L1381,Beginner,0.9,7,41.843090640781035,37.17718201087167,66.65521452206556,23.56071077507773,27.922251775756035,30.827651647616854,2,1,2,1,1,1,Beginner_Path
L1382,Elementary,2.2,6,45.79972272705837,36.753496597093125,65.54620628487318,48.19290880373943,66.34862851160347,58.70791833805777,2,1,2,3,2,2,Elementary_Path
L1383,Advanced,2.1,5,70.95325306534536,92.03492148225025,100.0,87.77691461087569,99.01764687940283,85.70864997055136,3,4,4,4,4,4,UpperIntermediate_Path
L1384,Elementary,2.5,6,64.44412195055088,44.22178563863527,66.68580364273382,51.43554577039936,49.29366020348026,64.3065825905626,3,2,2,2,2,2,Elementary_Path
L1385,Intermediate,1.1,5,47.72320035543943,52.24048548303862,55.011791306659504,76.75225388483389,58.51270412182606,62.37934926262155,2,2,3,3,2,3,Elementary_Path
L1386,Elementary,1.3,1,44.08721990630294,41.38276163906613,42.776353850127606,49.04514036075821,54.806112152485944,38.551910636065166,2,2,2,2,2,2,Beginner_Path
L1387,Intermediate,0.5,1,63.58344511076003,54.37106133100142,53.931297084659434,63.98172150334794,75.2085123206378,55.51076304465079,3,2,2,3,2,3,Elementary_Path
L1388,Beginner,1.2,1,28.034420713833136,30.521223550680418,58.34506133337838,28.24467064385368,41.016077186900105,26.467818818581204,1,1,2,1,1,1,Beginner_Path
L1389,Advanced,2.2,5,75.06490221746857,91.58143036002564,89.5280821111751,95.67937663516537,91.44030901979227,78.3156696935123,3,4,4,4,4,4,UpperIntermediate_Path
L1390,Elementary,1.2,2,28.76052417299335,41.04716451983819,42.48643817760713,42.736091348893225,50.18118477625871,89.79084251025756,1,2,2,3,1,2,Beginner_Path
L1391,Beginner,1.9,1,47.20996952905636,50.929640960273815,40.690037997801866,38.71420832581093,57.820241127014725,45.18624510033811,2,2,1,2,2,2,Beginner_Path
L1392,Beginner,1.4,6,34.54813755273678,49.65210503481381,42.61394468285373,36.911513749308384,36.31116897062976,43.61097989006673,1,2,1,1,2,1,Beginner_Path
L1393,Beginner,1.7,7,69.2727009247333,26.084565101454952,47.68413273694562,48.32974234914031,39.70492401380929,28.76819684691936,3,1,2,1,2,2,Beginner_Path
L1394,Elementary,0.7,4,40.05644934369127,45.697042694292804,57.50951020712043,34.900234456250004,64.63435654260995,60.69584066281079,2,2,2,3,2,2,Elementary_Path
L1395,Elementary,1.6,5,40.785489765710786,38.49343378663805,46.71819436126492,25.167613653849607,51.47010833612863,55.99415601792937,2,1,1,2,1,2,Beginner_Path
L1396,Upper-Intermediate,0.5,6,69.34607029714599,66.73352436811389,86.85656392513711,70.86567302912076,86.37058860045522,88.81621289357771,3,3,3,4,3,4,Intermediate_Path
L1397,Elementary,1.4,3,52.43134655138489,65.02427467644797,48.60806466249842,52.68531256905124,40.88719943097041,63.331141483984496,2,3,2,2,2,2,Elementary_Path
L1398,Beginner,0.5,7,35.29796661214689,31.92428582884201,43.43723663294957,39.522693758075,37.94707478371486,20.20910711902478,1,1,2,1,1,1,Beginner_Path
L1399,Intermediate,2.3,3,66.12332214002512,58.60226037077429,71.86774070503355,70.32204237413912,74.84434038440229,43.901605107300924,3,2,3,2,3,3,Elementary_Path
L1400,Intermediate,2.0,4,50.21411610011346,60.413212940082786,58.58178596055659,62.37372674179668,53.23660284236455,44.96212184536364,2,3,3,2,2,2,Elementary_Path
L1401,Beginner,1.8,2,26.18408281536419,24.993706275167593,39.30648576418862,32.3615166814014,38.487009602302926,25.560593566675628,1,1,1,1,1,1,Beginner_Path
L1402,Beginner,2.6,1,22.017852605908924,26.44904525590795,50.916680496931306,14.745798458603197,42.56685230891479,38.234523642603904,1,1,1,2,1,1,Beginner_Path
L1403,Beginner,0.8,5,17.76425832062803,22.93977628591881,36.42266823394981,35.62687765804782,30.108454820070133,29.331965479041823,0,1,1,1,1,1,Beginner_Path
L1404,Intermediate,2.7,6,54.81930980524943,46.14029266102223,61.15207976395929,68.27959002257798,55.86189881378103,75.72598540762519,2,2,3,3,2,3,Elementary_Path
L1405,Intermediate,2.2,1,56.99019687606778,26.49969890682818,70.55742178042892,54.079522173328854,61.1263668182564,74.04679882081638,2,1,3,3,2,3,Elementary_Path
L1406,Elementary,1.3,6,43.68562972516817,50.44582400793628,75.54092441435975,48.283202636777645,50.46681734161961,44.9353840592096,2,2,3,2,2,2,Elementary_Path
L1407,Upper-Intermediate,2.3,5,87.43405797187162,90.5419384125607,86.05404504762747,77.21360254306708,87.80352020837135,89.5532621614979,4,4,4,4,4,4,UpperIntermediate_Path
L1408,Upper-Intermediate,0.7,3,87.28030209608136,71.47820739036527,84.72639762990012,62.84707625750184,90.41457194832253,84.88134627240201,4,3,3,4,3,4,UpperIntermediate_Path
L1409,Intermediate,0.9,1,56.65197012555498,40.837311406593926,70.3080158367273,64.23235896638818,51.43915127999089,50.49293440822741,2,2,3,2,2,2,Elementary_Path
L1410,Upper-Intermediate,1.1,4,57.060788868080365,63.57223617100052,69.26809725932951,89.37121790001706,76.1126851916749,49.907846559744385,2,3,3,3,3,3,Intermediate_Path
L1411,Beginner,1.1,2,34.33294891944947,30.41123154975003,46.15596738679908,36.271866481065935,46.74248308424765,32.820316150392706,1,1,2,1,1,2,Beginner_Path
L1412,Beginner,0.8,4,34.00178606082939,24.824152227866243,44.702335116635986,26.709355781676983,55.16347465799197,28.55377868921527,1,1,1,2,1,1,Beginner_Path
L1413,Elementary,2.4,2,43.42865037721942,53.60182638395157,58.21584540372756,47.333989729780264,57.18490297317129,47.0650562514583,2,2,2,2,2,2,Elementary_Path
L1414,Beginner,1.3,7,33.022810961017555,43.10260044375334,46.16508052475871,15.756158913911314,42.909134015923314,35.89228286874749,1,2,1,1,1,1,Beginner_Path
L1415,Elementary,1.7,6,43.465371042751926,33.445482061823405,58.79699677417113,51.36903263976616,56.665425319826305,45.630176588992285,2,1,2,2,1,2,Beginner_Path
L1416,Upper-Intermediate,1.1,1,71.1345838410224,77.25081044447508,76.88532805100799,77.52274377648578,81.73768834336259,75.23684741379165,3,3,3,3,3,3,Intermediate_Path
L1417,Beginner,0.5,1,33.64458901184443,50.26812663577265,45.58608917371793,54.756362938455624,30.722857077156316,22.874780529163214,1,2,2,1,2,1,Beginner_Path
L1418,Beginner,1.7,7,42.08322508625592,54.0255820522956,32.72171433943008,36.06005207433375,41.92798792506269,39.113602775697075,2,2,1,2,2,1,Beginner_Path
L1419,Elementary,0.5,2,53.60368715904861,73.65212023085962,51.80092721997086,52.084853381464704,64.59160994188692,40.60383846982994,2,3,2,2,3,2,Elementary_Path
L1420,Upper-Intermediate,1.5,3,65.8935491281751,60.98007350556803,93.90833548176643,64.38711897614098,72.92643231305995,71.99982199863688,3,3,3,3,3,3,Intermediate_Path
L1421,Elementary,0.5,5,62.71065326007033,73.24220426395203,58.18808339628256,44.43572879474921,51.29446642547444,54.5740984523219,3,3,2,2,3,2,Elementary_Path
L1422,Elementary,2.9,4,40.19937698159386,41.457936114912115,54.79078962616923,32.748145633378016,47.57483550473978,32.756002267789704,2,2,2,2,2,2,Beginner_Path
L1423,Beginner,2.1,7,23.82199386184663,29.075345446194856,63.96123276254347,36.052103787167646,16.86140504393125,32.187063473304306,1,1,2,1,1,1,Beginner_Path
L1424,Beginner,1.6,6,43.807780713650516,38.27072374877845,31.39165021698921,34.94690846481435,40.20590177234679,33.81465765971136,2,1,1,1,2,1,Beginner_Path
L1425,Advanced,2.4,7,81.8259186558566,79.17938665906988,83.9054444455378,90.99199766088896,93.01791930652873,79.85731028429359,4,3,4,4,4,4,UpperIntermediate_Path
L1426,Advanced,0.9,4,93.21291470757387,88.99044140646527,100.0,81.76403119667361,84.87506609119097,93.99829496132958,4,4,4,4,4,4,Advanced_Path
L1427,Beginner,1.9,4,15.963313988994695,21.799228122626985,45.45960936048934,38.83345350975092,28.453630511152717,27.796116411995285,0,1,2,1,0,1,Beginner_Path
L1428,Advanced,1.6,6,100.0,82.61247397936566,92.57416963710206,84.66619944392335,81.19393540218351,79.44599600557662,5,4,4,4,4,4,UpperIntermediate_Path
L1429,Intermediate,1.7,6,66.72293408040402,67.8558223436168,53.00795674904357,54.68500611700486,67.64187616135564,47.90080867047936,3,3,2,2,3,2,Elementary_Path
L1430,Upper-Intermediate,2.4,1,59.99523450836998,69.42938708568845,84.47696266395012,73.8036232596303,94.72524773046905,80.92055411438801,2,3,3,4,3,4,Intermediate_Path
L1431,Elementary,2.0,4,35.21222876153715,46.41595786739883,60.44459869527462,48.4052294231701,63.824333409054326,40.07555887587783,1,2,2,2,2,2,Beginner_Path
L1432,Elementary,1.7,5,66.72265904097527,49.75258604717312,44.055056391651036,55.61174039051639,36.55653995169448,49.60045390883556,3,2,2,2,2,2,Elementary_Path
L1433,Elementary,0.5,5,42.626200965020416,56.7066162931766,53.59724414449572,46.79356965870165,58.54627310550703,64.75705101230074,2,2,2,3,2,2,Elementary_Path
L1434,Intermediate,0.8,2,51.65815151267376,38.447752878105675,61.64484167966934,54.50114650876997,53.3683762419071,54.25181579649415,2,1,2,2,2,2,Elementary_Path
L1435,Beginner,1.4,7,17.339479058507173,40.84524051837435,47.55977146418771,36.19192554912774,34.177329374912226,46.12060680033157,0,2,2,2,1,2,Beginner_Path
L1436,Beginner,1.6,6,36.49221794398446,32.31860860758237,33.80749757779356,30.853358831590075,35.38024402028716,51.71354084093128,1,1,1,2,1,1,Beginner_Path
L1437,Elementary,0.7,1,47.722803851642475,46.66637895311838,67.51947454513157,44.400889064333285,57.060669498554304,55.27191560040414,2,2,2,2,2,2,Elementary_Path
L1438,Intermediate,3.2,5,67.15493096769485,65.59950169762377,74.15823781597604,78.3115871307323,69.59253376449038,54.8319868402226,3,3,3,3,3,3,Intermediate_Path
L1439,Beginner,2.6,3,26.009215718155247,23.05813348588156,41.36824441267184,28.873212393041328,39.01968928720212,41.42107758998613,1,1,1,2,1,1,Beginner_Path
L1440,Intermediate,1.9,1,44.7971320775939,44.87355558556911,62.835812883616285,55.213436661206906,59.18929258991975,42.12621406864655,2,2,2,2,2,2,Elementary_Path
L1441,Advanced,1.6,1,94.50962634776477,65.64570040286193,93.63577849722384,84.1251133673031,94.64263743235793,77.19956841850048,4,3,4,4,4,4,UpperIntermediate_Path
L1442,Beginner,1.4,5,50.06730071227065,29.508410582362234,37.21691446993496,35.52828387755601,45.67994539524242,28.95324818368081,2,1,1,1,1,1,Beginner_Path
L1443,Intermediate,0.8,3,44.28847648882117,68.30432344378816,60.56570581764964,54.68760691121605,71.7622570675853,77.40612120174282,2,3,2,3,2,3,Elementary_Path
L1444,Elementary,1.6,2,60.81514086299741,43.7941281152653,52.29729632325391,50.79240101221,37.15628024490801,36.87415485744733,3,2,2,1,2,2,Beginner_Path
L1445,Upper-Intermediate,1.7,5,75.37541841486822,56.59875104345214,96.12868370707127,55.89824898608205,75.2002733980403,61.7252324873817,3,2,3,3,3,3,Intermediate_Path
L1446,Beginner,0.6,3,50.91805339074646,30.14321255424953,54.466183083304365,48.37171472532005,29.319756241088225,24.560790197510165,2,1,2,1,2,1,Beginner_Path
L1447,Intermediate,1.7,1,59.29779638482383,40.12138296509377,74.34654707336624,64.32582799642198,59.490577209365966,60.59811761930761,2,2,3,3,2,3,Elementary_Path
L1448,Upper-Intermediate,1.4,3,49.777220825120494,58.74813898268838,83.6992561300439,60.57128413936865,72.7382471231924,71.42621392668883,2,2,3,3,2,3,Intermediate_Path
L1449,Upper-Intermediate,0.5,1,73.48032617683961,73.88818910263713,68.82672991068765,50.309227270475986,74.53250546097297,80.86758977026565,3,3,2,3,3,3,Intermediate_Path
L1450,Intermediate,0.9,7,70.6014381867127,43.26126673693971,64.58508895422621,48.22927853858599,52.00257111889468,61.71259666077354,3,2,2,2,2,2,Elementary_Path
L1451,Elementary,1.2,5,41.06253980916286,56.12634305203302,64.7048845961338,45.573335385728775,35.12710206792571,31.196101532759325,2,2,2,1,2,2,Beginner_Path
L1452,Intermediate,2.8,6,56.12035031092548,54.28879709169664,52.41735370632712,83.80291898690774,39.05562473285097,46.92722229989629,2,2,3,2,2,2,Elementary_Path
L1453,Upper-Intermediate,1.9,5,73.23866496449021,70.85594703944525,86.36553206873265,78.43256964974273,73.68819845735159,83.65328748275822,3,3,4,3,3,4,Intermediate_Path
L1454,Intermediate,0.6,7,31.00486120131518,52.21627032392106,88.22609225262767,39.924103508185425,55.689988941670606,52.96701755423195,1,2,3,2,2,2,Elementary_Path
L1455,Beginner,1.8,4,56.71347575437476,42.72847838543723,55.61816645989732,31.10344495099056,33.24062335196173,46.87591818018013,2,2,2,2,2,2,Beginner_Path
L1456,Upper-Intermediate,0.5,4,65.98624320102826,77.8315988777701,94.14029135561988,72.46787563727017,88.22548462831661,68.50319052084683,3,3,4,3,3,4,Intermediate_Path
L1457,Intermediate,2.3,4,65.057354324728,58.350543519121715,67.1833875044216,60.53683554298097,51.40561813204689,45.32343571711479,3,2,3,2,3,2,Elementary_Path
L1458,Intermediate,1.2,5,59.132988638517915,60.64789105907648,74.6793194876499,44.85251139689577,74.16834082138803,51.967392223332936,2,3,2,3,2,3,Elementary_Path
L1459,Beginner,1.4,2,52.5761905635936,32.87910330079574,37.82146785645965,36.65009772022938,56.23843744269257,25.31950204450304,2,1,1,2,2,1,Beginner_Path
L1460,Intermediate,2.4,5,64.0605612242808,60.42203006909048,72.95863812341227,50.82360862389459,40.490995332106195,49.34447237597576,3,3,3,2,3,2,Elementary_Path
L1461,Elementary,0.6,7,47.65075728479025,41.62122224526193,61.54388134060763,36.962414373976834,50.923814589989696,47.00925706565246,2,2,2,2,2,2,Beginner_Path
L1462,Intermediate,0.5,7,51.0648490748072,55.02231622162402,67.89911174037663,60.59595646698954,56.00303509164009,60.11605090369021,2,2,3,2,2,3,Elementary_Path
L1463,Beginner,1.1,6,47.978507013821385,32.253562506337026,58.16007419718498,45.73877173442823,10.881960552827344,19.09808676745702,2,1,2,0,2,1,Beginner_Path
L1464,Intermediate,2.2,3,41.26558696045383,50.42781460680804,59.61215162152612,66.41041276961619,45.55358746931586,54.826319924909015,2,2,3,2,2,2,Elementary_Path
L1465,Advanced,0.5,5,96.45890420275893,78.1088820227821,93.12942483526338,93.74386351133876,97.74936107108475,79.13384264440248,4,3,4,4,4,4,UpperIntermediate_Path
L1466,Beginner,0.5,5,29.009552484451273,39.67690103858885,45.954620413582965,33.02630466859737,60.191992527112646,28.515851910411875,1,1,1,2,1,2,Beginner_Path
L1467,Advanced,1.2,1,100.0,98.10605912813463,84.703890289106,95.14549761463506,99.02678142699249,86.32684619133077,5,4,4,4,4,4,Advanced_Path
L1468,Elementary,1.9,7,51.61299542662695,56.711019716695596,57.269319438002476,51.09054438104288,53.236324725129776,39.49548127310788,2,2,2,2,2,2,Elementary_Path
L1469,Upper-Intermediate,2.3,1,81.44123767850108,57.43434664054565,62.81069587046153,74.33941882952013,74.78667618368912,83.82137994846674,4,2,3,3,3,3,Intermediate_Path
L1470,Intermediate,1.2,1,60.819888138247194,67.89203051406874,75.4695453442821,51.883068782982015,76.82662914648114,66.88061876251061,3,3,3,3,3,3,Intermediate_Path
L1471,Intermediate,1.2,5,42.47622904859003,51.81841498382071,65.46637366565966,53.03123872658472,81.48239201957641,66.8182829394204,2,2,2,3,2,3,Elementary_Path
L1472,Intermediate,2.3,2,51.39270836604662,61.00733015145592,59.791070960962365,58.73886936124554,54.13157320475814,50.05089804509698,2,3,2,2,2,2,Elementary_Path
L1473,Upper-Intermediate,0.5,3,81.72389337611382,60.937846679527894,71.65626387704879,97.398744669855,55.00013439689709,60.375011650806776,4,3,4,2,3,3,Intermediate_Path
L1474,Elementary,1.2,3,51.66655817359844,46.41979913874005,52.65420970380812,51.012424800913905,29.018125367287983,45.820299293881156,2,2,2,1,2,2,Beginner_Path
L1475,Elementary,1.6,7,61.809899053056725,48.13723182896907,61.88259710772414,41.88811497749714,63.21880992159802,43.49651633713733,3,2,2,2,2,2,Elementary_Path
L1476,Intermediate,1.8,6,64.03274563037172,40.15395208080347,70.4773897873756,49.67610555030557,59.52941459225613,48.91176837576635,3,2,3,2,2,2,Elementary_Path
L1477,Upper-Intermediate,1.1,7,65.3329810929734,76.08267166344189,72.94462052721539,68.08233387343797,76.83241910458719,58.242655533330385,3,3,3,3,3,3,Intermediate_Path
L1478,Intermediate,1.5,2,52.03935862279366,68.45935007838315,56.53960327372366,79.77293447549066,42.093490070432864,54.58482030731928,2,3,3,2,3,2,Elementary_Path
L1479,Intermediate,0.5,2,61.02917390523237,53.25352054318372,71.56898706319647,54.007433540540376,52.46811087211534,50.95930549747527,3,2,3,2,2,2,Elementary_Path
L1480,Elementary,1.0,3,26.859559339998945,58.60168130828013,47.776525953849706,57.068705346102846,47.045191860992176,51.883470370380195,1,2,2,2,2,2,Beginner_Path
L1481,Upper-Intermediate,1.8,4,91.73441885622985,68.10306506547593,80.59909774079503,69.24071754528643,77.0783838336407,76.6510605152148,4,3,3,3,3,3,Intermediate_Path
L1482,Beginner,0.8,1,44.41746736377557,43.49584531046617,46.23754642524277,40.611845412796285,36.01407961086241,46.00799805422717,2,2,2,2,2,2,Beginner_Path
L1483,Elementary,1.5,1,62.27034597048872,22.814300340489005,58.120621317267386,55.91745274008722,39.62673801698657,32.40704448119962,3,1,2,1,2,2,Beginner_Path
L1484,Beginner,1.8,3,24.193960591908308,59.187777793134636,53.582704301818715,32.28097150190076,32.15433007397477,39.01058307693633,1,2,2,1,2,1,Beginner_Path
L1485,Elementary,1.3,7,62.445651603552555,59.95458245242957,42.37037063132677,41.5888834584723,62.08323285947233,37.72534293766328,3,2,2,2,3,2,Elementary_Path
L1486,Elementary,1.6,2,72.31498911027748,42.15374495746321,35.88840674739512,64.5886969445533,52.447846196034995,32.795857891889156,3,2,2,2,2,2,Elementary_Path
L1487,Elementary,0.8,7,36.79121644622683,25.27910973356182,49.32552718771648,57.84592894895797,56.121568069555515,40.7139776305129,1,1,2,2,1,2,Beginner_Path
L1488,Intermediate,1.4,6,67.71401794903767,57.88028368305489,83.01528407832186,65.90672318690729,51.0112618912267,65.68704980134618,3,2,3,2,3,3,Intermediate_Path
L1489,Elementary,1.9,4,50.01109944687293,30.56074452926243,75.22174100087378,55.87276293122914,20.461765145993756,41.27681646429516,2,1,3,1,2,2,Beginner_Path
L1490,Elementary,1.6,3,34.55566151751756,49.44853537557488,73.31177135565888,52.59575488311066,44.76895693115504,60.65454659959112,1,2,3,2,2,2,Elementary_Path
L1491,Beginner,1.1,1,44.928839718518695,39.11565719164282,43.070186322393106,58.17775813175065,31.334294455745034,40.48878515520333,2,1,2,1,2,2,Beginner_Path
L1492,Elementary,1.7,5,58.33603204837348,35.58596830997975,37.178849180151715,48.43908301877157,53.49012268628079,41.05909521019423,2,1,2,2,2,2,Beginner_Path
L1493,Beginner,2.0,7,33.98873447331153,46.20967023614378,21.569608983481594,43.772623672009196,72.85723713681841,46.600484289064084,1,2,1,2,2,2,Beginner_Path
L1494,Beginner,0.5,2,51.65916520255223,43.05574702806173,38.859618384505886,23.490870714059874,46.95166017618256,39.45396772114286,2,2,1,2,2,1,Beginner_Path
L1495,Intermediate,2.3,5,43.33236593210802,64.75823337288563,63.0192636985064,49.75039313408759,87.35960159383488,45.674406115532946,2,3,2,3,2,3,Elementary_Path
L1496,Intermediate,1.3,6,45.052438535503555,55.08857703668895,78.00625401055959,45.9918100016496,65.6876969533945,73.58802635580516,2,2,3,3,2,3,Elementary_Path
L1497,Intermediate,1.8,3,61.365973955887526,40.844759330862935,73.67805459542446,70.7406358351615,53.701137624272846,57.594788230864765,3,2,3,2,2,3,Elementary_Path
L1498,Elementary,2.3,7,50.25385277972272,54.778722722111375,57.2740507899162,22.4745984797925,53.47916078120883,45.18796191985492,2,2,1,2,2,2,Beginner_Path
L1499,Elementary,0.5,1,42.834265115758946,42.296286008642085,46.101552290588586,43.97689977247278,67.80638599477709,36.44467330094384,2,2,2,2,2,2,Beginner_Path
L1500,Upper-Intermediate,1.0,7,83.09594435971886,56.102198568073305,70.3922044175511,43.06293397339377,93.29562596321239,81.79538267607738,4,2,2,4,3,3,Intermediate_Path
L1501,Elementary,1.3,4,55.30894314215949,58.52039365974326,57.541276870714356,39.6871210451811,44.24662631956921,50.172754273613066,2,2,2,2,2,2,Elementary_Path
L1502,Elementary,1.0,5,58.581390709340155,65.9940752050251,61.970509788397266,43.09051050268134,52.53183695699299,51.292381802952406,2,3,2,2,3,2,Elementary_Path
L1503,Beginner,2.7,4,38.76863564647732,34.587518710207966,48.918812622455846,51.84871093794044,25.707331203288547,29.924686564742316,1,1,2,1,1,1,Beginner_Path
L1504,Elementary,0.9,6,56.02580267978341,66.59121154603292,44.65402040393345,51.966279392214574,58.246686246914294,53.341005719100686,2,3,2,2,3,2,Elementary_Path
L1505,Elementary,1.1,1,45.54349696970006,45.9131472861135,61.50667628792086,39.66858476671034,65.53354699055895,54.11813593570802,2,2,2,2,2,2,Elementary_Path
L1506,Elementary,1.6,5,70.53818690086595,41.19544095833649,59.259109671014116,58.65963719731826,50.39799454116016,38.312217612188775,3,2,2,2,2,2,Elementary_Path
L1507,Intermediate,0.7,6,51.87454229878014,48.69541545814523,54.29333593809822,58.178322545297576,53.32615945639872,40.830098603190095,2,2,2,2,2,2,Elementary_Path
L1508,Elementary,1.2,4,71.05297429458312,61.370824079927424,47.15679029699744,48.375668587072525,53.60130951277563,50.81373059338924,3,3,2,2,3,2,Elementary_Path
L1509,Intermediate,1.7,4,60.34887947089408,47.198561186122284,71.88495974561566,45.97328492228008,64.17459031363165,39.266530503942604,3,2,2,2,2,2,Elementary_Path
L1510,Intermediate,1.3,5,46.24489110431257,62.35269309974987,62.65492464854109,48.09986286096861,60.8114383184962,56.52015777837779,2,3,2,2,2,2,Elementary_Path
L1511,Upper-Intermediate,1.4,1,88.68079350488601,64.40836164940792,95.89147301636457,64.74902700054476,76.78715124335953,65.52754895212693,4,3,4,3,3,3,Intermediate_Path
L1512,Intermediate,1.1,4,61.25901388394959,50.396932374256366,70.01129276064576,58.4646127315419,58.26185149530629,67.18665210788922,3,2,3,3,2,3,Elementary_Path
L1513,Advanced,0.5,3,98.51124098380238,95.30249693969567,90.1336881181073,88.77885726980675,99.95954928226406,81.07156109232793,4,4,4,4,4,4,Advanced_Path
L1514,Beginner,1.7,6,52.238559185425935,31.199631537106463,44.897943996090675,53.44092663524045,47.36227445165127,46.07272972003804,2,1,2,2,2,2,Beginner_Path
L1515,Beginner,2.7,5,43.37955554145025,30.952046205797068,45.63383392637718,41.85055167937834,30.16896852855851,29.857905556369737,2,1,2,1,1,1,Beginner_Path
L1516,Beginner,1.5,2,34.077591551871855,46.32804697174807,37.7160968675829,10.924343063278918,29.894093968414055,44.999910050596114,1,2,1,1,2,1,Beginner_Path
L1517,Intermediate,1.7,2,69.7571337766925,70.97397293221623,55.87411801822373,60.6264198787169,57.45625582973438,75.60341543836832,3,3,2,3,3,3,Intermediate_Path
L1518,Upper-Intermediate,2.0,1,75.00755507454596,76.44689803284233,87.013898938095,58.49983643832467,82.36837124105179,59.31952861633759,3,3,3,3,3,3,Intermediate_Path
L1519,Beginner,0.6,3,46.85857818608419,28.452302243760506,53.45273297042095,28.340290753884638,41.480574138908146,37.92035721730908,2,1,2,1,1,2,Beginner_Path
L1520,Upper-Intermediate,2.7,4,53.462694262085385,64.8939150070242,86.03781469552959,64.8783052827367,68.56849589877345,97.48782415910065,2,3,3,4,2,3,Intermediate_Path
L1521,Beginner,1.6,2,44.46981717009852,35.799152637400375,60.15318094323802,31.36661676487698,42.6151859672583,35.66588826902922,2,1,2,1,2,2,Beginner_Path
L1522,Upper-Intermediate,2.6,1,68.6141417485497,73.20930061925658,74.58226763988398,59.24850607959697,71.69189480477728,70.61788270229648,3,3,3,3,3,3,Intermediate_Path
L1523,Elementary,1.0,6,66.5330963717853,35.121340898602284,71.7427076607113,50.03482003452287,58.80486460224131,52.884989473510196,3,1,3,2,2,2,Elementary_Path
L1524,Beginner,2.8,3,46.23087347889095,42.230379395798636,35.99078881445847,23.89197714909041,43.33058435067048,35.41080864094754,2,2,1,1,2,1,Beginner_Path
L1525,Elementary,2.0,3,52.398577458492966,45.85513329639599,44.873144366315074,51.56667607249847,46.84721812547856,27.927740054294475,2,2,2,1,2,2,Beginner_Path
L1526,Elementary,1.9,7,54.86309993350221,27.842916813618707,37.4004111785075,70.3697107706163,52.315187720464614,56.322873748389384,2,1,2,2,2,2,Beginner_Path
L1527,Elementary,1.7,1,40.01559147123282,35.7107351753927,50.54204686173183,34.70640941065936,63.150480595242016,24.970515861348073,2,1,2,2,1,2,Beginner_Path
L1528,Elementary,1.3,1,66.23256690528054,39.95871326348336,49.96277663170547,45.15489695660778,44.303699234536225,40.83208348861658,3,1,2,2,2,2,Beginner_Path
L1529,Upper-Intermediate,2.3,7,94.91370418416905,69.27142311158946,85.25937280254651,47.765426374875304,79.0265698164716,82.07425749156648,4,3,3,4,4,3,Intermediate_Path
L1530,Elementary,1.6,4,53.92913510548216,63.892787955039964,57.43890941620451,44.99064707029867,49.295396595340044,41.434575713572144,2,3,2,2,2,2,Elementary_Path
L1531,Elementary,0.5,1,65.90403568573639,47.38171306139628,43.07026628980863,54.42717152631484,54.269836838620996,38.063035075355955,3,2,2,2,2,2,Elementary_Path
L1532,Intermediate,0.7,7,54.308518013274664,46.592281101013754,61.07273761574182,65.20639231357266,53.45435058404269,63.7926390516656,2,2,3,2,2,3,Elementary_Path
L1533,Intermediate,1.4,4,52.02886433775019,57.20630804307163,61.28537978912315,58.77363730284097,61.103354331593756,46.48885213165613,2,2,3,2,2,2,Elementary_Path
L1534,Elementary,1.7,4,50.40924748728923,41.47912252546119,37.240177530381075,56.892634247589754,61.07823282416801,32.77774280408046,2,2,2,2,2,2,Beginner_Path
L1535,Elementary,1.5,5,54.349410383678986,48.24758239533542,45.190532729866305,73.46054535942793,40.629930187538925,47.74513987493283,2,2,2,2,2,2,Elementary_Path
L1536,Beginner,2.4,3,36.060133187568795,40.80567687035615,37.291863693859106,55.123046874375994,26.705948966749183,33.17076701587409,1,2,2,1,1,1,Beginner_Path
L1537,Beginner,0.5,6,45.37768190368484,47.09230647223938,59.33625019820946,32.774790705903634,27.085444355130356,22.56326885811158,2,2,2,1,2,1,Beginner_Path
L1538,Intermediate,1.6,3,63.06389482073414,54.75713504329974,66.91450715957353,43.48896013533262,48.29337469799811,61.3695253999487,3,2,2,2,2,2,Elementary_Path
L1539,Beginner,0.5,3,30.01693224708945,51.389605275998335,51.621687539475,33.93848583426197,45.95323287892664,39.644876055772336,1,2,2,2,2,2,Beginner_Path
L1540,Elementary,2.0,5,55.18793017451721,54.08022662536192,40.01364502850788,38.53017234382652,35.94140314134535,41.40244983394368,2,2,1,1,2,1,Beginner_Path
L1541,Intermediate,1.4,4,68.63528242521521,47.92560455187812,76.94214483013992,62.51347547864633,57.02104655256469,52.086679938750535,3,2,3,2,2,3,Elementary_Path
L1542,Beginner,1.8,4,41.71469317590391,57.098556657484636,58.01102063024093,26.18806460570502,46.18289303310708,39.70392742009157,2,2,2,2,2,2,Beginner_Path
L1543,Intermediate,0.9,1,71.52648103261693,58.269945132700975,45.01655032855374,57.27177567409658,64.16659060548594,66.90361419752067,3,2,2,3,3,2,Elementary_Path
L1544,Elementary,2.4,5,37.82596206503048,36.64875496027765,47.94683276084152,56.380140545363105,46.14441020037515,42.172067898906754,1,1,2,2,1,2,Beginner_Path
L1545,Advanced,2.2,1,94.67950422131852,100.0,99.9576557301551,86.99304127182823,91.90923731755106,91.54688493008145,4,5,4,4,4,4,Advanced_Path
L1546,Elementary,1.9,5,38.29719293603225,65.77777585198444,61.44388453538182,38.53686177252204,51.07145329737568,50.65200217084599,1,3,2,2,2,2,Elementary_Path
L1547,Upper-Intermediate,1.4,1,63.85918641766912,69.6697473628044,73.21505269512778,84.74814057585692,72.75759044451814,78.79307292708977,3,3,3,3,3,3,Intermediate_Path
L1548,Intermediate,1.9,2,53.6906916626221,49.96349739624404,61.94500536946347,39.210190552461725,57.8916528134542,55.39309198743465,2,2,2,2,2,2,Elementary_Path
L1549,Beginner,1.0,7,30.57939816425755,33.27625042546338,39.02618938954857,34.722049441225366,62.35427434756961,25.87674485933642,1,1,1,2,1,2,Beginner_Path
L1550,Intermediate,2.1,3,54.52004181258862,62.147317275176995,66.1041804694612,57.58339976618665,68.093109039313,50.37500846800031,2,3,3,2,2,3,Elementary_Path
L1551,Advanced,2.7,3,87.85849689288811,97.77856655030514,100.0,88.15908658399631,100.0,88.42853465781648,4,4,4,4,4,4,Advanced_Path
L1552,Intermediate,2.2,6,68.37154486331384,60.70487330863573,57.28957842858795,59.80496056078081,55.030368670794985,73.18464378381593,3,3,2,3,3,3,Elementary_Path
L1553,Upper-Intermediate,1.0,7,71.78840961294297,71.0172320847177,90.00820497768414,79.10439819809493,74.15033403111853,65.15980376803722,3,3,4,3,3,3,Intermediate_Path
L1554,Upper-Intermediate,1.8,4,59.14374293230407,84.98011770304427,72.18327927653112,72.6459256095465,61.67874234723352,78.047874435274,2,4,3,3,3,3,Intermediate_Path
L1555,Beginner,0.6,6,51.4006784649516,31.871635269484777,36.523727875031156,34.31941717856319,31.904331979104278,31.7194354932324,2,1,1,1,2,1,Beginner_Path
L1556,Beginner,1.9,2,31.629098663849604,45.30919338366907,53.18594618343214,33.92410655340304,59.019131486625014,36.10468755886136,1,2,2,2,1,2,Beginner_Path
L1557,Intermediate,1.8,6,59.41279572895371,52.11937201648721,74.21936378007616,51.88484197961645,54.77965710158244,70.15396749263593,2,2,3,3,2,3,Elementary_Path
L1558,Elementary,0.5,3,54.46536506940711,49.31022958010893,63.51409936762654,55.87543324326865,69.19281300144459,52.64292581420433,2,2,2,3,2,3,Elementary_Path
L1559,Upper-Intermediate,0.7,4,76.99610418402783,68.86437435209548,66.84202591781859,66.53471520523486,62.566377393201094,57.587007272590434,3,3,3,3,3,3,Intermediate_Path
L1560,Upper-Intermediate,1.3,2,85.94179547521476,69.44147817347189,75.34049021927949,81.46771109008245,64.46530965926723,64.2752497618841,4,3,3,3,3,3,Intermediate_Path
L1561,Elementary,1.3,3,54.79003143392759,41.2261348253779,63.22988592003321,48.18999082259871,46.58768778976579,57.56221344441359,2,2,2,2,2,2,Elementary_Path
L1562,Beginner,0.7,7,31.38690420302892,48.448540311806944,45.415418405638945,32.7874519314387,39.36250078320822,36.418780426284954,1,2,1,1,1,1,Beginner_Path
L1563,Intermediate,1.8,1,81.78562173991662,47.67073961891465,54.26307153802536,64.18407215744135,69.2308729245013,43.511598803841366,4,2,2,2,3,2,Elementary_Path
L1564,Elementary,1.7,5,51.943334633382335,37.59767747451291,59.58317939125442,40.72546075276882,54.507704171862656,36.810475550262794,2,1,2,2,2,2,Beginner_Path
L1565,Upper-Intermediate,1.4,2,73.52659773378494,91.20993565845109,72.8519274100853,79.38184040728213,70.83684742655973,77.03493522711172,3,4,3,3,4,3,Intermediate_Path
L1566,Elementary,1.0,4,59.63925423055571,54.77847564654331,72.94524848392211,50.12726121191785,48.66684193481894,54.944102812176304,2,2,3,2,2,2,Elementary_Path
L1567,Intermediate,2.2,6,62.49450945930072,31.148863013069636,80.44841462418259,52.03675310908079,56.809370802153,55.178553014821745,3,1,3,2,2,3,Elementary_Path
L1568,Beginner,2.7,7,43.99228192939327,29.347412607895965,51.040974263555675,43.28634815334559,30.853462646742702,59.753138009361024,2,1,2,2,1,2,Beginner_Path
L1569,Intermediate,1.2,6,84.92183998600687,36.88010662437946,78.61006704769774,63.465897256886386,51.12037063398378,63.24152363455639,4,1,3,2,3,3,Elementary_Path
L1570,Elementary,1.1,2,47.248785717449536,35.49309306584745,55.64791350123381,59.57519605809958,60.278838914334095,42.565189303671,2,1,2,2,2,2,Elementary_Path
L1571,Intermediate,1.8,7,56.82239105982604,23.614853337659603,72.65437494375016,67.66147012409296,41.7183507207286,46.842939519006556,2,1,3,2,2,2,Elementary_Path
L1572,Beginner,1.2,4,41.16578512012464,33.63010422306058,59.77720295302075,42.91274020726283,56.173586974450544,25.251156953609588,2,1,2,2,1,2,Beginner_Path
L1573,Intermediate,1.4,2,70.71515935581039,43.58058180838688,67.45498681794312,46.72409048791237,56.57005774397768,58.35421320480369,3,2,2,2,2,2,Elementary_Path
L1574,Upper-Intermediate,2.0,4,59.93465969809601,70.59905256796438,77.44812828485716,97.48586988174057,67.2749139360784,65.11222955086593,2,3,4,3,3,3,Intermediate_Path
L1575,Beginner,0.5,6,20.344441085234948,18.748787411174753,27.953780418228842,23.963837889281898,47.39759290697269,51.73743753983425,1,0,1,2,0,1,Beginner_Path
L1576,Beginner,2.4,3,34.12884729379852,35.8291185317204,44.16866474278506,47.49263174282309,54.85216584147118,49.66311802917859,1,1,2,2,1,2,Beginner_Path
L1577,Beginner,1.6,7,23.660770409407128,30.850837218796727,53.234231845623114,42.31283816886298,51.17632441603958,41.33066547497227,1,1,2,2,1,2,Beginner_Path
L1578,Intermediate,1.2,1,55.75168652474362,70.01952965188596,74.4563342756763,46.25857627518886,65.01852049359891,43.21003827043104,2,3,3,2,3,2,Elementary_Path
L1579,Intermediate,1.4,3,65.0249969612929,69.11356861745625,70.0436506571841,56.75699061121501,70.86863489721836,48.27781127447595,3,3,3,2,3,3,Elementary_Path
L1580,Elementary,1.5,1,41.09251136447736,52.85345603010283,49.5870090503776,47.21247113755359,32.83502422856134,57.556775257411005,2,2,2,2,2,2,Beginner_Path
L1581,Beginner,0.5,6,25.731734232186575,31.733862193387875,25.231784310524095,51.05582715810523,34.781694585118515,29.36933800204898,1,1,1,1,1,1,Beginner_Path
L1582,Elementary,2.5,7,50.69337161715348,64.85380395260293,50.04784901995265,40.866890997197885,40.88829939975155,56.22141733919524,2,3,2,2,2,2,Elementary_Path
L1583,Intermediate,1.5,3,68.6254348461517,39.46964722160179,61.956551289460485,55.38054993575646,72.24638731215175,59.74603923034761,3,1,2,3,2,3,Elementary_Path
L1584,Elementary,1.8,3,33.050265614833876,30.964413704363373,51.87071032809986,24.63930394978737,46.16521981076113,45.51717884813187,1,1,1,2,1,2,Beginner_Path
L1585,Advanced,2.2,2,98.20232398305984,84.16216900110935,100.0,100.0,98.45406556782055,77.9716718706456,4,4,5,4,4,4,Advanced_Path
L1586,Beginner,0.8,5,48.17306203738326,57.540381089211195,64.85676411014839,27.295317569799288,45.35856942488638,34.05756156475248,2,2,2,1,2,2,Beginner_Path
L1587,Intermediate,1.8,6,69.54085102156628,52.97661093129913,66.23529201841093,61.26910864239175,51.37693063836319,56.89647954874898,3,2,3,2,3,2,Elementary_Path
L1588,Elementary,1.3,4,62.18480214871686,43.16754756790718,52.832682108435385,46.98592170278136,44.130417900237155,55.325388983011216,3,2,2,2,2,2,Elementary_Path
L1589,Elementary,2.1,6,72.02013924659616,30.580896438881908,52.407781869959074,47.0199903321666,62.938176908147256,36.14264399366245,3,1,2,2,2,2,Elementary_Path
L1590,Intermediate,0.5,4,56.439079513809446,64.45929585270379,66.24384766907714,66.09861984870875,52.24517351315586,52.37183157473885,2,3,3,2,3,2,Elementary_Path
L1591,Intermediate,1.4,7,61.09571580077858,64.53176254329354,56.71706239651601,74.71262460303635,61.24867610195479,55.44823131932285,3,3,3,2,3,3,Elementary_Path
L1592,Advanced,1.1,4,85.83561566751975,92.8907520139991,96.20198558746056,90.51493669941992,82.17458713673555,91.62678357686164,4,4,4,4,4,4,UpperIntermediate_Path
L1593,Beginner,1.8,1,40.01976844755811,28.707793271526377,49.508123363318,44.55078017630526,36.86047813084139,25.91535662477223,2,1,2,1,1,1,Beginner_Path
L1594,Beginner,1.8,4,55.32873355636312,27.93293231626994,47.09686063574488,41.288915367270405,39.53838056030028,21.83430207112785,2,1,2,1,2,1,Beginner_Path
L1595,Intermediate,1.0,4,46.54985516069331,42.0687774959503,69.57541934004782,68.17531423930626,52.17133489702509,61.7396515171005,2,2,3,2,2,3,Elementary_Path
L1596,Intermediate,1.0,2,51.38950327834424,55.838725017609335,69.33747609348535,53.370836205136726,50.39553046016118,39.82050885053297,2,2,3,2,2,2,Elementary_Path
L1597,Elementary,1.4,3,63.77180936504561,34.19592670721498,37.28103317753556,58.75390554416414,52.862733367774425,57.849797147621686,3,1,2,2,2,2,Elementary_Path
L1598,Beginner,0.9,6,50.2003650690209,23.225834947507114,51.368701583954035,49.10499865647384,31.55262591208824,33.44073902517092,2,1,2,1,1,2,Beginner_Path
L1599,Beginner,2.1,6,36.36868353182922,30.763092830893243,38.28985154337546,48.825370086829096,31.893424443013274,19.52468917725554,1,1,2,1,1,1,Beginner_Path
L1600,Upper-Intermediate,1.2,7,83.5440200112072,65.10843824815784,69.04160836996041,66.39852132663523,65.6094685629803,65.19579780596506,4,3,3,3,3,3,Intermediate_Path
L1601,Beginner,0.5,7,43.412158424920335,29.62021471178045,33.95548172145004,36.31662365762809,39.220919536686814,38.79123633069237,2,1,1,1,1,1,Beginner_Path
L1602,Elementary,1.2,4,65.00274609000988,49.66444596840261,59.33541610472529,50.39466988780435,59.43701634399841,39.672989124450226,3,2,2,2,2,2,Elementary_Path
L1603,Beginner,0.8,5,40.745095938267724,35.79047802150279,42.77425072775147,24.291579551709944,55.06528636312267,35.20029748824348,2,1,1,2,1,1,Beginner_Path
L1604,Elementary,0.5,6,60.25632113872582,42.11843969488882,38.18031216014589,63.94920208086015,42.740819140062214,52.40078365705286,3,2,2,2,2,2,Beginner_Path
L1605,Beginner,0.6,7,66.4201191049262,36.83012928311482,49.78037815192283,37.87723466497824,61.50310793331211,32.9780966461238,3,1,2,2,2,2,Beginner_Path
L1606,Elementary,1.6,4,55.98099155047466,35.08472958895368,40.603918692011725,50.83927887604722,39.95295139293204,35.62942323533866,2,1,2,1,2,2,Beginner_Path
L1607,Beginner,2.4,7,40.49328165794844,36.05278623909678,46.398213585182106,32.22995560272797,50.835485233278696,32.01016002628159,2,1,1,2,1,2,Beginner_Path
L1608,Upper-Intermediate,1.7,1,82.2244698522098,71.50602492844634,82.38498925673053,59.73122440632977,67.78303545984558,84.1484013645926,4,3,3,3,3,3,Intermediate_Path
L1609,Beginner,1.1,1,36.34719141796115,19.969531406425194,53.85577081695045,31.95970114525229,31.290767301299894,51.85064345333184,1,0,2,2,1,2,Beginner_Path
L1610,Elementary,1.8,7,73.87967705524733,54.95693754370362,72.81684786466852,50.192041876335885,42.552438432156116,24.800738260577248,3,2,3,1,3,2,Elementary_Path
L1611,Upper-Intermediate,1.2,1,76.80071037695981,61.185662947730044,66.35323674099459,79.73428812753693,74.47552300350881,80.91027909191477,3,3,3,3,3,3,Intermediate_Path
L1612,Intermediate,1.0,7,57.27066679774487,55.903097992064346,64.4752614393695,59.6179154060272,65.7997217103361,57.50147716035356,2,2,3,3,2,3,Elementary_Path
L1613,Elementary,0.7,4,41.64310994979964,56.6441174053527,52.236647049557824,51.4672401624195,56.69868037904822,54.2398267912015,2,2,2,2,2,2,Elementary_Path
L1614,Elementary,0.5,2,60.972201916064385,54.256767577138696,59.33749685960962,44.62973625318623,40.560149846521114,39.4951173973237,3,2,2,2,2,2,Beginner_Path
L1615,Elementary,1.2,5,58.67187412827739,45.34333388568835,57.15668770933618,52.962485662454284,40.10340712488731,27.31736490498514,2,2,2,1,2,2,Beginner_Path
L1616,Intermediate,1.6,4,55.02645628585907,51.37500997117932,61.4745375726338,72.82832866385907,50.83361306636453,60.844887886474616,2,2,3,2,2,3,Elementary_Path
L1617,Advanced,1.4,2,95.76451345122423,94.47511908575567,90.59097811389145,95.04789442438987,88.88645597614489,75.59022738717283,4,4,4,4,4,4,Advanced_Path
L1618,Intermediate,1.2,2,44.91444031787144,61.7469497780862,53.83549144815952,66.0954188825294,57.898443958091256,41.11707568515148,2,3,2,2,2,2,Elementary_Path
L1619,Intermediate,0.8,6,61.849705750731566,48.8163497995587,74.8786158240651,60.94016399306631,50.49824537930205,41.81598617526534,3,2,3,2,2,2,Elementary_Path
L1620,Intermediate,1.9,4,64.52756352076695,47.0510635299831,69.59204181599529,42.96844930400398,62.69603694063244,61.00913782415334,3,2,2,3,2,2,Elementary_Path
L1621,Elementary,0.6,4,67.07329809559224,24.276448183040017,64.17768197795138,37.55333469368757,72.62568808335318,46.39452466029197,3,1,2,2,2,2,Elementary_Path
L1622,Beginner,2.0,7,32.291811972713106,36.54031841683587,41.896038635244864,42.54875800663844,34.95284538164849,42.824660218746736,1,1,2,1,1,2,Beginner_Path
L1623,Intermediate,0.8,2,47.21647371197676,54.17302254981601,58.4316453130557,57.89060948039914,55.66488178796467,61.69075254496365,2,2,2,2,2,2,Elementary_Path
L1624,Advanced,1.0,2,81.04572039074958,96.36191374642542,84.21684933370773,92.39842886472827,95.59661570324369,80.79066435416235,4,4,4,4,4,4,UpperIntermediate_Path
L1625,Beginner,0.5,2,26.6343149968508,38.590550934803666,48.58917583740659,54.76423417844073,34.41183708263205,34.29526426122544,1,1,2,1,1,2,Beginner_Path
L1626,Intermediate,1.1,7,73.36657357758983,68.3422919417269,54.60206775471765,65.26035999229333,66.68964481718183,49.885624712174604,3,3,2,2,3,2,Elementary_Path
L1627,Beginner,2.2,6,55.486392950240365,28.02635772083829,63.4866306896655,50.588862057428216,32.8145729322096,32.89672227134509,2,1,2,1,2,2,Beginner_Path
L1628,Elementary,1.9,4,53.20216577948829,56.381503309676184,41.9235741890656,48.9468138947073,68.32119607577302,35.32745262018934,2,2,2,2,2,2,Elementary_Path
L1629,Beginner,2.2,2,52.21294945685148,29.71083620895345,47.73660119212502,29.927843225155602,43.44774972592295,38.90484293874335,2,1,1,2,2,2,Beginner_Path
L1630,Elementary,1.9,1,51.339583805802356,52.77596061792272,70.66854707213787,47.42133840785659,43.799770509232886,55.75120748981757,2,2,2,2,2,2,Elementary_Path
L1631,Intermediate,0.7,4,59.04888352299234,40.41241607469306,70.99089759263809,49.952481862808625,54.11308300530726,46.833869701790135,2,2,3,2,2,2,Elementary_Path
L1632,Elementary,1.3,7,46.66962380946239,47.351352993661884,56.75673712491779,63.582949567724484,44.86200247291965,57.81269645401343,2,2,3,2,2,2,Elementary_Path
L1633,Intermediate,1.0,6,56.89609008622435,35.153120585540904,55.31516353038104,65.9039107653547,73.72749666248873,56.135214964779415,2,1,3,3,2,3,Elementary_Path
L1634,Intermediate,2.4,1,44.52198443690969,52.32862514058245,51.182308114322964,63.205124966282796,47.312489923987165,57.41078976405813,2,2,2,2,2,2,Elementary_Path
L1635,Upper-Intermediate,0.7,7,77.64254763607339,74.40353993877913,87.70050108917586,85.35943202228103,68.32058329540496,53.005704803924814,3,3,4,3,3,3,Intermediate_Path
L1636,Beginner,2.1,3,39.596660897859564,29.79031448768904,60.06147240774946,17.799435854767747,34.38339443074574,16.92737690434266,1,1,1,1,1,1,Beginner_Path
L1637,Elementary,2.1,4,57.45360724077876,34.49562371244033,50.61150009521828,53.881379513426594,49.84312033243062,46.44116362779682,2,1,2,2,2,2,Beginner_Path
L1638,Beginner,2.8,3,40.9352349643861,43.461184692959336,33.60938492383649,24.893542156956272,37.288903073532055,42.897321246320075,2,2,1,2,2,1,Beginner_Path
L1639,Advanced,1.2,7,88.37296298430908,83.96537210153076,70.41830569450981,87.92744301534339,75.08772168609538,78.28619556355048,4,4,3,3,4,3,UpperIntermediate_Path
L1640,Upper-Intermediate,2.0,7,66.2880696999237,65.10429352969328,70.19235156337463,69.88292407532785,71.00177316404532,86.70093900583089,3,3,3,3,3,3,Intermediate_Path
L1641,Elementary,3.1,7,50.721532368217616,45.41895921154276,53.8634315750096,54.61736612096948,49.00449316815032,52.34935974254316,2,2,2,2,2,2,Elementary_Path
L1642,Upper-Intermediate,1.1,2,82.38237230816162,96.36669141945589,95.99123240836734,75.28187288960956,68.71902164920216,60.91658748292015,4,4,4,3,4,3,Intermediate_Path
L1643,Elementary,0.5,6,38.566610089161394,56.53502849781544,61.73133692232969,61.451171736117885,56.86775489047665,45.308486670535075,1,2,3,2,2,2,Elementary_Path
L1644,Intermediate,0.5,2,60.874737536807395,66.62573668187841,68.05085404706753,51.98102839067386,69.19408428753647,79.76929133723412,3,3,3,3,3,3,Intermediate_Path
L1645,Beginner,2.0,6,42.33042951529484,39.35546318992364,40.99880338698869,45.09114389633284,39.21613300270607,22.574359972002945,2,1,2,1,2,1,Beginner_Path
L1646,Intermediate,0.5,5,52.819352163817356,56.66485272577147,59.16834282744044,59.62223216898832,62.305415868507296,60.282699389151055,2,2,2,3,2,3,Elementary_Path
L1647,Beginner,1.2,2,34.12143695092,11.03917711669584,59.056475975079636,21.647097299284475,18.38944002650729,31.772554472766576,1,0,2,1,1,1,Beginner_Path
L1648,Upper-Intermediate,1.8,3,77.30610848766214,63.21019653536868,82.0073854075839,63.81383541476967,70.78897227838168,77.06896290918512,3,3,3,3,3,3,Intermediate_Path
L1649,Intermediate,1.6,6,48.66578981707377,50.19425586797526,43.97399308078978,56.50121966477832,70.04821691757913,67.67273646318381,2,2,2,3,2,2,Elementary_Path
L1650,Intermediate,1.8,2,63.499237152493926,36.25107935952467,58.264603521027574,69.12292449891727,55.76563416820723,51.13762911288632,3,1,3,2,2,2,Elementary_Path
L1651,Beginner,1.7,4,31.046456263408,23.425842097845663,36.417839682283734,42.637230575571145,32.62738323608039,46.18912271707174,1,1,1,1,1,1,Beginner_Path
L1652,Elementary,2.4,7,60.62853693033216,25.19163529077366,49.537359908225355,36.324991761192855,72.7768892603093,67.21203394271961,3,1,2,3,2,2,Elementary_Path
L1653,Elementary,0.8,6,73.378277453883,44.61676164302627,60.629106602850854,46.5968377195284,68.19077190195804,45.66274737344235,3,2,2,2,2,2,Elementary_Path
L1654,Elementary,1.0,6,41.392431982981805,53.18765970848816,53.925551182057504,68.1780644879303,54.67574912482157,52.848886874941854,2,2,3,2,2,2,Elementary_Path
L1655,Beginner,1.0,2,45.342078623746744,46.067745186243286,44.23134592996338,39.11223334840858,51.38910611480048,29.09559229796725,2,2,2,2,2,2,Beginner_Path
L1656,Upper-Intermediate,2.1,5,67.73258095117981,74.14784462079241,93.13473161325237,69.72674424927604,52.740645820419225,70.19259309031213,3,3,4,3,3,3,Intermediate_Path
L1657,Intermediate,2.1,2,70.40954173797789,45.36603658801431,58.03538910213312,62.91739640756221,52.12448559371293,53.23324907291757,3,2,3,2,2,2,Elementary_Path
L1658,Elementary,1.8,3,37.34741590914785,25.679348414800405,73.6419952588735,55.6339307958197,45.30042126826849,52.96935925658596,1,1,3,2,1,2,Beginner_Path
L1659,Elementary,2.3,3,54.805867584277124,27.431313005984983,48.28692408628914,43.43831652519941,47.64019901133054,57.04675935756926,2,1,2,2,2,2,Beginner_Path
L1660,Elementary,0.7,6,41.27011033110647,32.310174227455015,55.89198196612571,53.02574774371437,45.10055979026038,43.903451508825405,2,1,2,2,1,2,Beginner_Path
L1661,Intermediate,2.7,6,57.930154109016314,46.111403019643255,62.18796404597233,54.71110503329191,34.49973708483654,70.33622845732923,2,2,2,2,2,2,Elementary_Path
L1662,Elementary,2.6,2,39.68974724852693,43.40251502008413,56.23419133500961,55.193276018294384,53.8602461870856,60.30047441561629,1,2,2,2,2,2,Elementary_Path
L1663,Upper-Intermediate,2.0,3,83.22350470895753,59.85835781873032,84.4459199507313,74.69693157971284,80.43654128280606,78.468537431799,4,2,3,3,3,3,Intermediate_Path
L1664,Elementary,2.7,3,41.63019645560413,48.38975893668261,59.338352400888766,52.819678270528925,66.01898791589981,39.83973468278272,2,2,2,2,2,2,Elementary_Path
L1665,Advanced,0.5,5,95.51964259331828,82.67726497200528,87.4688266937942,80.40816453832495,82.11690735225037,78.88171183260097,4,4,4,4,4,4,UpperIntermediate_Path
L1666,Upper-Intermediate,1.1,4,71.55901971737667,70.10545711741025,68.77085322552429,64.78713615927141,66.29836842220098,61.87618645309961,3,3,3,3,3,3,Intermediate_Path
L1667,Beginner,1.0,5,38.855276282011374,46.40250552671205,70.03171790905711,47.45497304659395,13.200155140355314,44.49166070238161,1,2,2,1,2,2,Beginner_Path
L1668,Upper-Intermediate,2.0,1,76.47755907400129,58.197682657996296,75.16015660399447,72.20603618614506,72.06433163409113,57.882317925106356,3,2,3,3,3,3,Intermediate_Path
L1669,Beginner,0.8,7,32.38175328341151,39.18704578292368,51.992124386719865,40.850347420993614,49.01111781062171,41.76837654111007,1,1,2,2,1,2,Beginner_Path
L1670,Upper-Intermediate,2.0,5,77.10367113540887,69.86026771523926,63.923586894768036,69.9360457291348,68.8823213780728,59.18890652175887,3,3,3,3,3,3,Intermediate_Path
L1671,Elementary,2.5,2,65.3033456435441,41.66513719030305,52.203872800953235,56.98726774013644,71.43444818543648,53.235461198419735,3,2,2,3,2,2,Elementary_Path
L1672,Upper-Intermediate,2.0,4,67.21905214167286,78.8525632086596,78.72800616017557,66.92190019970343,72.43405164210476,70.1721958273056,3,3,3,3,3,3,Intermediate_Path
L1673,Upper-Intermediate,1.7,2,86.71810143273845,78.79014154557007,84.72815069927833,71.64398760099117,76.46992284288555,83.33638561859827,4,3,3,3,4,3,UpperIntermediate_Path
L1674,Upper-Intermediate,0.8,7,89.98097633487784,60.53509204011572,52.77545859008061,80.85992812703131,61.36896919418406,81.41454578321272,4,3,3,3,3,3,Intermediate_Path
L1675,Intermediate,0.9,1,51.83845010971956,53.17839416142076,66.6614061307833,69.72967699164266,62.872203451752796,69.35065412002112,2,2,3,3,2,3,Elementary_Path
L1676,Elementary,2.4,4,35.449453949094476,47.812116825840654,43.50258544632107,42.762407089733166,30.206802051473048,59.60818718289113,1,2,2,2,2,2,Beginner_Path
L1677,Beginner,2.0,6,43.01960900171765,32.26993251977416,48.24345711194924,57.59683981955883,46.93697955013145,36.436308339881975,2,1,2,2,1,2,Beginner_Path
L1678,Elementary,1.5,3,44.52592477233127,50.850213322877984,44.63670803161837,51.13241693693617,57.24428176235412,33.412069335753955,2,2,2,2,2,2,Beginner_Path
L1679,Beginner,1.2,5,58.68603219163002,37.811920179102756,36.44517304074419,27.570717381912623,53.5929142433651,24.474769450026216,2,1,1,1,2,1,Beginner_Path
L1680,Intermediate,0.5,2,60.34807540499832,73.32561240356013,62.26372389606732,61.69052048589968,49.800312812323114,34.131514706840626,3,3,3,2,3,2,Elementary_Path
L1681,Elementary,0.8,1,41.97800591964821,29.697208640702122,44.476705303968046,44.17000785516542,51.60562118297419,34.16334166571907,2,1,2,2,1,2,Beginner_Path
L1682,Advanced,2.8,3,78.52840488988289,83.77564010252603,90.24465553264645,92.34068487183177,95.63816559386504,85.6882365770465,3,4,4,4,4,4,UpperIntermediate_Path
L1683,Intermediate,0.6,5,70.8990495909083,45.91497488487809,53.06624231456685,57.57143752339662,64.4228163833031,49.40345819174838,3,2,2,2,2,2,Elementary_Path
L1684,Upper-Intermediate,1.6,3,69.28816025915813,76.04107455439043,61.66829548301273,73.74273690190145,66.3470072486515,68.19864395590149,3,3,3,3,3,3,Intermediate_Path
L1685,Beginner,2.2,5,40.43828799460428,18.828281099544554,55.179570524293595,28.88406623413854,16.080181104438598,39.92715419461401,2,0,2,1,1,1,Beginner_Path
L1686,Upper-Intermediate,0.6,6,84.55802745112481,73.46312710224886,67.03951307176072,82.9006123071636,78.46960296884481,66.95934741934242,4,3,3,3,3,3,Intermediate_Path
L1687,Upper-Intermediate,1.6,4,70.1574164806917,63.69951568651659,78.21319112392017,61.43872632848968,73.4750032169008,58.78171199587416,3,3,3,3,3,3,Intermediate_Path
L1688,Elementary,2.2,3,49.540711712598394,37.65838133878986,62.52891081493785,36.91235104595005,44.3332940703856,44.46766332436568,2,1,2,2,2,2,Beginner_Path
L1689,Intermediate,1.5,3,59.8343159017748,40.53501796459312,58.85055897483957,61.673603491474864,67.63945363715466,46.015095132271554,2,2,3,2,2,2,Elementary_Path
L1690,Intermediate,3.5,3,66.83324511516092,50.34924053798994,56.74834100254462,74.0284424717797,59.55080461845567,52.292135030209366,3,2,3,2,2,3,Elementary_Path
L1691,Beginner,0.5,4,45.907443355103254,45.84500530290926,47.262380886674215,34.47406902935593,26.808049472322004,48.42776964423003,2,2,2,1,2,1,Beginner_Path
L1692,Elementary,2.2,1,47.79886268745172,44.7481131647052,66.17933822727151,55.00972322703966,30.685477109037784,42.294946959038256,2,2,3,1,2,2,Beginner_Path
L1693,Elementary,1.4,5,50.636490614965176,51.27680417874475,43.30684734913531,58.73340176863545,38.71036734866834,62.70957553347745,2,2,2,2,2,2,Elementary_Path
L1694,Beginner,2.0,6,36.282209884765116,51.64641821966275,43.49852167982561,46.14684437294069,63.93012294766787,49.316359869379696,1,2,2,2,2,2,Beginner_Path
L1695,Elementary,1.8,3,35.223875930805555,47.63755584822576,37.67505405032672,44.88791710826319,57.22776773932773,39.20694691420957,1,2,2,2,2,2,Beginner_Path
L1696,Beginner,1.0,7,42.57600857398129,29.412004279376593,41.0679899631781,27.089532828059255,41.88612341975012,23.888762335842245,2,1,1,1,1,1,Beginner_Path
L1697,Beginner,1.7,4,58.92191760833067,39.6725221518279,45.34204684538076,15.92452434328645,38.18339072814195,34.47445838079807,2,1,1,1,2,1,Beginner_Path
L1698,Beginner,0.5,1,31.162808593089373,29.557038536857082,36.453753582449345,35.371595005376065,37.52607060052564,46.53327763396889,1,1,1,2,1,1,Beginner_Path
L1699,Advanced,1.9,5,82.26970290397297,79.95577316702831,90.43008166174769,99.78087368562174,100.0,80.09809093771312,4,3,4,4,4,4,UpperIntermediate_Path
L1700,Elementary,1.7,4,41.29272228356258,29.80107200381015,40.917732316925495,36.75834015238066,45.094042580965684,54.08090298262139,2,1,1,2,1,2,Beginner_Path
L1701,Advanced,1.9,6,97.24591778723122,94.26257491084392,95.77078611381494,95.00209847518765,95.76920410684292,97.08439989136087,4,4,4,4,4,4,Advanced_Path
L1702,Elementary,2.2,6,54.4848545419644,41.139974243505606,65.5569424888315,38.49847469948128,46.51572049708406,37.25974349637394,2,2,2,2,2,2,Beginner_Path
L1703,Elementary,1.8,5,48.414623075835436,46.82098245815862,44.028561302295365,49.06072576386838,69.40156631835063,38.23948911711413,2,2,2,2,2,2,Beginner_Path
L1704,Elementary,1.6,3,40.81980938361035,34.64038071393361,48.77328233447617,55.077916141550176,57.422885075783036,52.12662032127007,2,1,2,2,1,2,Beginner_Path
L1705,Elementary,0.9,6,50.92376791639924,49.35947629715472,60.02546246454182,41.40504563161572,62.45556814683626,46.518475496415704,2,2,2,2,2,2,Elementary_Path
L1706,Beginner,1.0,1,24.353778726641956,27.380587618649162,57.12090719322736,39.704846806969144,34.15590225311761,28.13938473456321,1,1,2,1,1,1,Beginner_Path
L1707,Intermediate,2.3,4,61.43426566857493,53.58291278298176,50.068101877910685,53.84908663274671,70.58136112567422,51.47819551880413,3,2,2,3,2,2,Elementary_Path
L1708,Beginner,2.5,1,48.71524386087934,43.77826031239126,43.312152625840504,45.05148658938177,36.87422574605309,34.29480447272581,2,2,2,1,2,1,Beginner_Path
L1709,Intermediate,1.3,3,47.48800863366322,62.907593122325295,67.83130822319525,60.35317168484637,61.10034823932849,39.351455750445396,2,3,3,2,2,2,Elementary_Path
L1710,Intermediate,1.5,1,44.674817231703365,54.7796992748306,63.97943609371152,58.565076744292675,76.35047670619458,62.656431064826954,2,2,3,3,2,3,Elementary_Path
L1711,Beginner,0.9,1,55.794378916948595,17.318689672932816,20.23207933122913,53.583499601419774,29.57224943243581,30.213078110608087,2,0,1,1,1,1,Beginner_Path
L1712,Beginner,2.3,2,33.88240360495415,64.92810570060641,50.01090009308772,44.62306142368302,42.032477313054,7.162837762019013,1,3,2,1,2,1,Beginner_Path
L1713,Intermediate,2.0,1,71.35947845943822,72.45858970273136,80.19336351090644,51.09648133873711,64.38005258518727,54.76129031690547,3,3,3,2,3,3,Intermediate_Path
L1714,Elementary,2.9,5,48.460023348021686,52.226748248882984,56.16661751169504,47.141360992022385,55.2000438080081,37.58428741106492,2,2,2,2,2,2,Beginner_Path
L1715,Beginner,0.9,4,38.38045183058672,27.467962184090293,34.68893946705737,37.24101214920339,35.49215506906535,51.88822192302676,1,1,1,2,1,1,Beginner_Path
L1716,Advanced,1.2,2,94.38412699496645,83.86407838298035,89.86872753635717,88.80319572625211,100.0,79.14554979080032,4,4,4,4,4,4,UpperIntermediate_Path
L1717,Beginner,1.7,4,31.160011432535594,29.56579570223483,62.69913067655593,63.24509276607495,27.050681146597398,24.02356636421389,1,1,3,1,1,2,Beginner_Path
L1718,Intermediate,2.0,4,61.32497143495645,67.63855939096388,74.09962540860559,61.70851892710997,74.5888538863247,60.07932669962016,3,3,3,3,3,3,Intermediate_Path
L1719,Advanced,1.3,3,86.18510585175908,87.62502890851835,100.0,67.64097429895224,100.0,78.39552631992417,4,4,4,4,4,4,UpperIntermediate_Path
L1720,Beginner,0.9,3,26.795065565949685,27.15836141640167,48.56412583534376,32.57201028283035,59.008887896036846,27.205437987477676,1,1,2,2,1,2,Beginner_Path
L1721,Beginner,2.1,2,43.37482074726399,30.29244900875218,38.38862887809027,18.676279125041916,24.1177290129218,40.09501382824406,2,1,1,1,1,1,Beginner_Path
L1722,Beginner,2.0,6,37.36692193122084,46.21188142569905,42.994288193442316,34.7020174295416,31.311685121102897,24.595326921104338,1,2,1,1,2,1,Beginner_Path
L1723,Elementary,0.9,7,48.429751715552925,61.00097846820478,54.22077264321484,28.126897702735715,64.9194305916164,30.42726341800547,2,3,2,2,2,2,Beginner_Path
L1724,Beginner,2.4,3,27.89839056585842,50.283315634862454,50.49574316064444,29.284095289315722,21.229608453696912,52.259980020943374,1,2,1,1,1,1,Beginner_Path
L1725,Intermediate,2.3,7,75.91400367762805,62.57032065053978,80.08918894266904,42.7927847036588,43.935410989595866,60.794987376006446,3,3,3,2,3,2,Elementary_Path
L1726,Beginner,1.6,3,48.76714186386116,32.47375131197363,56.183381367931275,41.841601779674775,35.11692213288508,32.35790715005635,2,1,2,1,2,2,Beginner_Path
L1727,Elementary,1.6,3,59.641558841719785,12.584861746708796,40.806156442039594,48.005393626288786,51.91993788622268,44.96522790298064,2,0,2,2,1,2,Beginner_Path
L1728,Advanced,1.9,4,86.94555297558318,87.97160023808222,97.23994968901049,91.02962307498731,100.0,90.05864358116156,4,4,4,4,4,4,Advanced_Path
L1729,Upper-Intermediate,0.9,2,57.7081711049658,69.981712411559,87.36763345167897,71.95448611431473,73.14734085069642,79.7333744961342,2,3,3,3,3,3,Intermediate_Path
L1730,Intermediate,1.5,4,79.52917382489511,56.399820963213536,71.18860330144635,44.05702249795582,53.91760851935461,47.44024708684988,3,2,2,2,3,2,Elementary_Path
L1731,Elementary,0.5,5,49.38902491994132,45.53897347033207,48.7076623661258,53.13521369254735,53.11389937696427,48.66146525965682,2,2,2,2,2,2,Beginner_Path
L1732,Intermediate,2.1,4,52.51200203979946,41.73737838050843,94.14109215768362,77.22224560269453,64.69596483294401,49.932958237897616,2,2,4,2,2,3,Elementary_Path
L1733,Elementary,0.5,7,54.16801574483114,50.574085568511855,42.22915437668881,52.092125786065466,54.41239822170271,43.110187554873754,2,2,2,2,2,2,Beginner_Path
L1734,Elementary,2.6,7,61.67120788003297,51.3221631403185,44.1681155333395,43.74075400682434,48.22013792048655,46.60692867464905,3,2,2,2,2,2,Beginner_Path
L1735,Beginner,1.3,5,39.76949443914534,41.823387820596594,47.33595081261576,23.71932823894555,20.449138860818504,34.933214269473275,1,2,1,1,2,1,Beginner_Path
L1736,Upper-Intermediate,1.4,1,87.78575167939374,79.46577003573387,100.0,63.919330292400346,65.82384010893668,77.35566898302572,4,3,4,3,4,3,Intermediate_Path
L1737,Elementary,1.1,1,60.82999938516868,51.040516449216234,46.63805149295829,52.530396565720594,64.20271085267463,49.87086559115594,3,2,2,2,2,2,Elementary_Path
L1738,Beginner,1.3,5,29.236188125979417,30.899705884610892,42.34171634353008,48.73118026799375,41.870689379766,19.918307906278223,1,1,2,1,1,1,Beginner_Path
L1739,Elementary,2.5,5,43.262098943405235,44.2916315208391,65.77293673015693,50.608661747219756,46.77477880892943,31.421767929345577,2,2,2,1,2,2,Beginner_Path
L1740,Elementary,0.5,4,59.575371632797676,45.911248672533766,54.82137845112266,55.99887289705983,61.18168548373975,41.302833152407075,2,2,2,2,2,2,Elementary_Path
L1741,Upper-Intermediate,2.4,5,47.873874361895616,71.07699449106619,76.65396145469704,80.07678244027242,63.698833676310514,88.28625262441825,2,3,3,3,2,3,Intermediate_Path
L1742,Intermediate,1.7,2,58.50544306835011,64.9821765597173,70.6563290188672,63.065343913859174,57.746518662869924,46.484081674983976,2,3,3,2,3,2,Elementary_Path
L1743,Intermediate,0.7,1,45.69168798375328,61.43668753022491,67.72517990229593,51.41526404738744,61.37758405174037,52.917772903872475,2,3,2,2,2,2,Elementary_Path
L1744,Beginner,0.7,1,35.23446198566475,55.77343439569953,55.30438785636791,39.73923511975153,35.58622496705371,29.63653973043478,1,2,2,1,2,2,Beginner_Path
L1745,Elementary,2.7,6,47.01179910970796,67.06468979884673,67.91468889065364,39.516221961178616,51.007628229015985,39.4595561591192,2,3,2,2,2,2,Elementary_Path
L1746,Elementary,0.8,5,46.41755622092492,45.79649582613925,58.07003060005362,48.17428952958102,48.12306068578235,46.782397439050555,2,2,2,2,2,2,Beginner_Path
L1747,Beginner,0.7,3,34.477387478873915,0.0,47.91732725378309,41.30863531066912,26.00656952214125,49.00777276195652,1,0,2,1,0,2,Beginner_Path
L1748,Elementary,2.3,3,39.02856350371186,57.368324661272666,57.14110982286134,64.78783807386856,51.81477881879056,49.559683998805895,1,2,3,2,2,2,Elementary_Path
L1749,Intermediate,1.7,5,82.91911266818687,49.59623661012945,69.89130556649287,44.90268025632368,46.71648208487132,46.96469038572908,4,2,2,2,3,2,Elementary_Path
L1750,Beginner,0.8,2,58.67462004161351,26.98516078168993,45.55170637871464,42.81507630991305,41.65615125096722,62.53229510803207,2,1,2,2,2,2,Beginner_Path
L1751,Elementary,1.7,3,38.37934179743717,41.01554725010633,54.99391517677711,62.81236591623595,63.74135824150109,45.78573220961126,1,2,2,2,1,2,Elementary_Path
L1752,Beginner,0.8,6,55.821167513035675,30.533569531853935,56.966271208272424,45.588477658387966,37.18976802723945,29.227790436178864,2,1,2,1,2,2,Beginner_Path
L1753,Beginner,2.3,7,36.00534509527147,41.12269810105393,60.16116180355043,46.329454428250415,28.285168700290136,49.12096374677589,1,2,2,1,1,2,Beginner_Path
L1754,Beginner,2.2,5,41.2918747333171,19.405642208737746,29.924470553665792,43.87694901867812,38.730121867950196,30.309293820561816,2,0,1,1,1,1,Beginner_Path
L1755,Advanced,1.9,2,89.36726040103085,74.22279254208398,95.1002115174057,100.0,81.68028891921469,100.0,4,3,4,4,4,4,Advanced_Path
L1756,Upper-Intermediate,1.8,2,68.40251358746035,73.43158554197417,73.11305566554765,62.12521831887632,80.9450900263147,61.293572090333335,3,3,3,3,3,3,Intermediate_Path
L1757,Advanced,2.7,4,99.83852343606146,91.22944030413308,91.89028533513928,74.14073334029753,88.52011252477146,99.3003038892137,4,4,4,4,4,4,Advanced_Path
L1758,Elementary,1.5,2,51.25886530576658,51.41541644936012,59.02516209735322,47.93665859534744,67.09763251664573,47.01047664281695,2,2,2,2,2,2,Elementary_Path
L1759,Beginner,0.7,3,35.234485767807584,27.12963721066701,51.694383715424685,16.3883789642829,51.62989595677338,47.91052232702434,1,1,1,2,1,2,Beginner_Path
L1760,Elementary,1.8,7,36.95410556199528,35.2173435073376,53.87873556388655,60.30645804178011,48.46919495518597,64.01765708701544,1,1,2,2,1,2,Beginner_Path
L1761,Elementary,3.0,3,41.064049862808794,39.93365166212081,35.866596652771975,60.20715195495441,57.15609067973091,33.67392709478746,2,1,2,2,2,2,Beginner_Path
L1762,Upper-Intermediate,0.8,5,58.586198843979034,72.39872752284725,70.3495441942382,68.66649444915474,71.06763590837154,82.75771820758322,2,3,3,3,3,3,Intermediate_Path
L1763,Beginner,1.2,7,40.122235484151695,49.854773692725495,53.964996702001656,34.2922940333949,40.339568851651684,20.910960955745953,2,2,2,1,2,1,Beginner_Path
L1764,Elementary,1.8,5,38.033344077156045,24.525628142292497,27.59573577965069,47.276525248493286,46.38565803649688,34.528156447517716,1,1,1,2,1,1,Beginner_Path
L1765,Beginner,1.5,2,37.34439487481459,32.79271243041634,56.87427151682,38.5202065043962,47.664559598497085,26.965905402075627,1,1,2,1,1,2,Beginner_Path
L1766,Elementary,0.8,6,63.70101853610371,31.67321558974796,60.212299906445416,49.27173919194286,64.32988276709578,50.03636636177861,3,1,2,2,2,2,Elementary_Path
L1767,Intermediate,2.3,1,71.99299572921586,38.477573226465104,78.16176081530023,63.58232106878303,67.98648207191144,55.3301587693486,3,1,3,3,2,3,Elementary_Path
L1768,Elementary,3.1,7,49.677231058973824,54.66956645344817,53.0143081311904,46.27373646991522,59.219366012853556,43.328639158371644,2,2,2,2,2,2,Elementary_Path
L1769,Elementary,1.6,4,49.1291527385685,50.446245744993384,34.38594575977095,57.43193303477794,59.23033437235729,46.46235279022361,2,2,2,2,2,2,Beginner_Path
L1770,Elementary,0.9,1,68.79874549421008,49.49433515947262,59.30362641506498,52.459477771253034,55.5125592233471,50.91289589293473,3,2,2,2,2,2,Elementary_Path
L1771,Elementary,0.5,2,55.20756120358711,54.210258397309936,67.7465312403834,41.930365541273645,38.607138407897324,51.68248123941353,2,2,2,2,2,2,Elementary_Path
L1772,Intermediate,1.7,2,56.721935401234774,50.20281103233864,74.24721805513421,71.35112667804097,77.009715194165,65.94166835615131,2,2,3,3,2,3,Intermediate_Path
L1773,Upper-Intermediate,2.3,1,60.73981882879548,65.67362483666471,73.37308516511965,59.41743013877513,93.04410826698425,88.2003481276744,3,3,3,4,3,3,Intermediate_Path
L1774,Advanced,1.8,4,93.93873218164744,100.0,95.86761075462647,87.07834189178523,87.66120396686631,84.78637627558523,4,5,4,4,4,4,Advanced_Path
L1775,Intermediate,1.5,7,68.29323772582862,52.534289457404256,59.67163731220076,67.66917401075467,56.29302084783818,49.789110378690836,3,2,3,2,3,2,Elementary_Path
L1776,Elementary,1.1,7,43.683484754863564,52.35132113054091,46.80733535810628,40.769268950878555,56.12411652915375,51.13536129185188,2,2,2,2,2,2,Beginner_Path
L1777,Intermediate,0.7,1,62.912027551380326,55.06381540963315,74.55388571179851,61.095556467671514,65.50812835183505,43.557451837353796,3,2,3,2,2,3,Elementary_Path
L1778,Elementary,2.1,5,46.36426705084971,26.51741469921585,43.02467688734838,53.43339596999048,47.980539312469816,38.212958678883886,2,1,2,2,1,2,Beginner_Path
L1779,Elementary,2.1,3,48.159676008009974,24.553709961987316,46.06183569418387,39.39476132018761,37.49974344412396,54.9938094639279,2,1,2,2,1,2,Beginner_Path
L1780,Upper-Intermediate,0.5,6,50.12177942437668,64.21015780060095,68.95974366527615,72.27522280405965,78.05701190749777,68.75871625182296,2,3,3,3,2,3,Intermediate_Path
L1781,Beginner,2.6,5,37.782185962838646,45.56101251669989,30.09752476700953,36.4349616979079,45.514365381755454,22.91807541641961,1,2,1,1,2,1,Beginner_Path
L1782,Upper-Intermediate,1.9,7,84.69369302408055,77.88291656636004,81.46414291842603,67.48262148167707,82.25821148038797,55.101969346348255,4,3,3,3,4,3,Intermediate_Path
L1783,Elementary,2.5,3,43.68597444433442,54.14077164224034,66.61503048481975,71.01674852050775,53.492927723542074,45.48716679393807,2,2,3,2,2,2,Elementary_Path
L1784,Intermediate,0.6,6,60.52526368215316,45.129538210636845,63.15123243754734,50.36893646554525,57.28884851638091,66.4189653696801,3,2,2,3,2,2,Elementary_Path
L1785,Intermediate,0.5,6,52.4404929330808,71.15872490122314,49.94252199435834,68.04930294067883,69.94002039506279,66.28545777531187,2,3,2,3,3,3,Elementary_Path
L1786,Upper-Intermediate,1.4,6,78.60441676292773,60.351066998136154,88.39944539742028,69.07198983118857,75.65848497565918,71.10880502892837,3,3,3,3,3,3,Intermediate_Path
L1787,Intermediate,1.9,2,57.834768024638265,57.12824398669969,81.85701754034972,47.13363811114718,55.35076985635279,75.08909419096128,2,2,3,3,2,3,Elementary_Path
L1788,Intermediate,2.8,6,50.60758459317993,54.89647710092263,58.53757675853406,59.02814243155069,58.19346617954279,53.95179634059537,2,2,2,2,2,2,Elementary_Path
L1789,Beginner,2.0,4,53.32551467665128,33.261261796854136,40.21445733282282,44.490933843875005,22.54030967525018,33.61432376602589,2,1,2,1,2,1,Beginner_Path
L1790,Elementary,1.3,1,59.28932013532215,58.38592138295607,60.15660630083394,57.20509575065679,48.177581758214615,19.32564090261,2,2,2,1,2,2,Elementary_Path
L1791,Beginner,0.8,7,33.950932360718255,27.948894798340394,61.21873747785051,53.62265110655069,46.884365198746686,30.526370508387842,1,1,2,1,1,2,Beginner_Path
L1792,Intermediate,2.4,4,64.97788309417777,41.503947442880715,59.80165854274774,87.45246289935099,63.397830221392304,63.52015034908494,3,2,3,3,2,3,Elementary_Path
L1793,Elementary,0.8,1,55.374120028203805,45.199954862064196,41.67550219001795,50.50514203755597,65.20664172981186,60.63961336859704,2,2,2,3,2,2,Elementary_Path
L1794,Intermediate,2.6,5,66.42301235011176,51.00173265713474,71.31418606272406,51.369078261746125,57.370250859842955,46.69765366332715,3,2,3,2,2,2,Elementary_Path
L1795,Beginner,1.3,5,23.057441040049223,68.77382919082646,52.99068073142299,42.52874326794891,44.87313163053316,39.62252329293048,1,3,2,2,2,2,Beginner_Path
L1796,Beginner,2.6,1,50.06606541032628,41.76507476439975,45.06131450435227,35.337870495935086,47.927401763057716,45.46879032323288,2,2,2,2,2,2,Beginner_Path
L1797,Intermediate,2.0,4,54.30301037074268,50.90659424781376,59.418667403425495,67.2596612985223,83.42857008287407,55.11208153195899,2,2,3,3,2,3,Elementary_Path
L1798,Beginner,1.4,1,36.42172066558733,24.438884308129133,54.94378730992047,25.028357036342783,41.44765491117641,12.167195424727698,1,1,1,1,1,1,Beginner_Path
L1799,Beginner,1.1,6,66.37881752260199,16.19711589431215,50.28036004547964,61.68334542400437,29.558128211359765,37.47289999574252,3,0,2,1,2,2,Beginner_Path
L1800,Beginner,1.3,2,43.01873380721012,24.74780914262567,37.31564483096507,46.560480947755124,48.47928753355282,42.61430624060893,2,1,2,2,1,2,Beginner_Path
L1801,Advanced,1.8,7,86.13677524552824,86.14941771759132,95.49094731305671,71.15995982203836,100.0,75.5257710498154,4,4,4,4,4,4,UpperIntermediate_Path
L1802,Intermediate,1.6,5,37.94705627244094,69.27328651594769,51.48292467975354,50.90971097685028,56.774512897733786,52.45845469125613,1,3,2,2,2,2,Elementary_Path
L1803,Elementary,1.1,7,63.897641339463554,56.21689142387919,61.8589045643792,56.16081044113939,58.41081538606416,33.44503957871236,3,2,2,2,3,2,Elementary_Path
L1804,Elementary,1.4,2,36.547903291913975,47.2909483164638,52.37766430617144,59.763440561714546,62.287280552289204,19.298524514196473,1,2,2,2,2,2,Beginner_Path
L1805,Elementary,1.6,6,39.96561096500496,41.76832334297515,50.64289167615263,35.277623727680364,60.170655439701534,55.270044117876566,1,2,2,2,2,2,Beginner_Path
L1806,Intermediate,0.5,6,56.68647700912151,57.68812356412154,64.67125514847565,65.13025850432949,61.25558522473578,54.96251466198149,2,2,3,2,2,3,Elementary_Path
L1807,Intermediate,1.8,5,74.16411791700293,49.81362002515424,65.40307699330248,38.52660127338076,53.01526241786854,70.97674996704983,3,2,2,3,3,2,Elementary_Path
L1808,Beginner,0.8,5,47.732399866657595,52.18363995763876,53.9493006156556,37.10664134528954,39.187204519864146,43.57322191906177,2,2,2,2,2,2,Beginner_Path
L1809,Beginner,0.7,6,38.4216249015974,33.1080981872492,50.910905313252215,49.120468421032065,44.58600453877631,31.457902383345512,1,1,2,1,1,2,Beginner_Path
L1810,Beginner,0.5,3,43.08292063638821,34.13662141753273,43.435907212071974,32.4848426989702,49.08222524091729,34.168193398955914,2,1,1,2,1,1,Beginner_Path
L1811,Intermediate,0.5,7,53.99614307128894,32.841775749793314,72.63668149718995,42.93077700861986,63.33945047999039,60.66177390770172,2,1,2,3,2,2,Elementary_Path
L1812,Intermediate,0.6,2,61.39653689565351,53.04565153477236,69.00737253691614,59.46214796377559,56.20092033459423,64.66883416755743,3,2,3,3,2,3,Elementary_Path
L1813,Elementary,1.0,7,50.73336744778137,53.36484137964941,50.73400363713963,41.952811333645215,55.553796561497684,48.226706307420116,2,2,2,2,2,2,Elementary_Path
L1814,Beginner,2.9,2,49.687698956813534,24.32277422961455,43.75281841763514,44.29558366065836,48.600850677428205,46.05593145289484,2,1,2,2,1,2,Beginner_Path
L1815,Beginner,1.1,3,49.67178122438949,27.49279665507187,43.51777111156879,29.146735677819397,43.79610056414481,32.033312633255285,2,1,1,1,1,1,Beginner_Path
L1816,Advanced,1.6,4,94.93977382205645,92.92711017733664,100.0,80.273631103469,81.63812885461675,75.02856453214314,4,4,4,3,4,4,UpperIntermediate_Path
L1817,Elementary,1.8,2,46.37652442453898,30.233427764819467,51.32977385278358,27.789976791237564,48.1859396528281,44.351907464388695,2,1,1,2,1,2,Beginner_Path
L1818,Intermediate,1.6,7,67.41822294390127,65.57801007541919,61.09590813578367,59.699447110514825,69.47820776412466,57.05184890736184,3,3,3,3,3,3,Elementary_Path
L1819,Intermediate,1.4,1,59.08031533796954,49.67856109826898,84.68757309433958,56.39095061723401,46.169821912555264,42.98464605260713,2,2,3,2,2,2,Elementary_Path
L1820,Elementary,0.7,6,39.18085631286867,41.11431779508797,64.39735481747104,36.11615329259929,29.06821977608841,31.63277915853378,1,2,2,1,2,2,Beginner_Path
L1821,Beginner,2.5,6,35.96712208089061,23.76121594874406,37.393993355748606,39.93798713767092,55.08082850144021,39.47386296473427,1,1,1,2,1,2,Beginner_Path
L1822,Beginner,2.8,3,40.84526983784325,38.78046260427883,50.70940993942198,48.270703006441394,45.1141525502188,30.936431486295763,2,1,2,1,1,2,Beginner_Path
L1823,Intermediate,0.5,2,69.10215783664745,79.5987198502938,66.18350065655177,55.8443205658105,66.06730002520106,53.34159094337998,3,3,3,2,3,3,Intermediate_Path
L1824,Intermediate,0.8,4,58.16471827842847,62.81497239460632,68.91551175260093,60.68166949821974,49.231830263729435,51.40307334299177,2,3,3,2,3,2,Elementary_Path
L1825,Intermediate,1.3,2,47.90801288760394,46.35714738059464,66.37341324565105,60.73311249585164,67.37528063466539,70.20600901763211,2,2,3,3,2,3,Elementary_Path
L1826,Elementary,0.8,6,50.56741683296819,56.35620585491476,66.89642645485236,35.9567017282104,52.752486875683644,57.61761160395,2,2,2,2,2,2,Elementary_Path
L1827,Beginner,1.9,5,41.134560400565526,31.833204540657505,48.45620344651446,58.56585820707596,24.15672422151603,22.62646309960832,2,1,2,1,1,1,Beginner_Path
L1828,Advanced,1.0,1,91.85837628902753,98.7448498142756,94.37911301785712,83.29150169877715,100.0,79.67206786919553,4,4,4,4,4,4,Advanced_Path
L1829,Intermediate,3.0,3,69.1987151595443,63.06676402164363,75.42190576983018,64.5611620186027,61.58683323618729,63.50004267969593,3,3,3,3,3,3,Intermediate_Path
L1830,Elementary,2.3,5,60.18923240089899,15.568584345282666,57.33285041087872,55.6921527722905,46.039160339207314,51.01936237103242,3,0,2,2,1,2,Beginner_Path
L1831,Advanced,1.6,7,84.05789127618334,74.95920367044972,96.21478579329057,86.60404872884249,86.22010254014782,84.58542037670215,4,3,4,4,3,4,UpperIntermediate_Path
L1832,Intermediate,2.2,4,53.838565419510566,64.4438522283539,68.14022602486115,64.06795025059634,39.847780945676234,43.62399795035765,2,3,3,2,2,2,Elementary_Path
L1833,Intermediate,2.3,5,49.59801289044527,56.516572721450174,64.06390976633634,60.458192218163894,65.93336599631364,48.17459953846454,2,2,3,2,2,2,Elementary_Path
L1834,Intermediate,1.1,7,66.98815670280476,44.762440522921494,65.09226992995468,43.823602427725945,62.618572072457255,49.832324324537105,3,2,2,2,2,2,Elementary_Path
L1835,Upper-Intermediate,0.9,5,89.48820108337715,63.66410484506187,74.13305411238127,69.67727298749912,73.05919867666906,72.769943311191,4,3,3,3,3,3,Intermediate_Path
L1836,Intermediate,1.6,4,56.849180720910766,35.937633799106194,57.48832780376121,51.874490976459384,72.78485207451672,72.03727154697238,2,1,2,3,2,3,Elementary_Path
L1837,Beginner,2.1,5,37.58569435275007,34.11626712473604,35.014296135175606,33.38254958653873,26.16140981004154,28.131197652118722,1,1,1,1,1,1,Beginner_Path
L1838,Elementary,1.6,3,64.66782556898976,67.10689726015764,41.08016713202924,34.95996822163362,44.03227523632385,34.7396475244476,3,3,1,1,3,1,Beginner_Path
L1839,Upper-Intermediate,0.5,6,80.05557853215008,78.04933390732326,71.20282638615444,84.2643371674603,66.49991745239615,68.91413523172056,4,3,3,3,3,3,Intermediate_Path
L1840,Beginner,0.9,2,44.36235704801055,56.90417001188423,43.25732965533074,54.01992654613413,37.21205020228447,45.31738980514059,2,2,2,2,2,2,Beginner_Path
L1841,Elementary,1.4,5,38.09083494026273,53.8239708978998,56.03117582445637,57.78002975998409,50.67470025257223,30.531170332392968,1,2,2,2,2,2,Beginner_Path
L1842,Elementary,1.4,3,56.78728069279419,55.274793433526916,52.28703436852359,60.705292241471426,54.30013523811355,59.53634150874947,2,2,2,2,2,2,Elementary_Path
L1843,Elementary,2.9,2,40.708636594902416,64.74078687745023,31.44296509872642,44.55365162991844,46.530265468948826,43.27968637884331,2,3,1,2,2,2,Beginner_Path
L1844,Intermediate,0.5,7,48.65979814065042,58.772632593422266,80.74586357762342,51.63743165013963,51.22644264845106,47.65679997686626,2,2,3,2,2,2,Elementary_Path
L1845,Upper-Intermediate,1.9,2,71.53228423233288,68.1277267849312,90.86480122890381,65.21412953188289,91.86006949770444,53.99810713237841,3,3,3,3,3,3,Intermediate_Path
L1846,Beginner,2.5,7,34.1420727655131,45.326575166220124,49.45759851217129,44.44064922957223,64.1164019178857,42.065207734206275,1,2,2,2,1,2,Beginner_Path
L1847,Beginner,3.1,5,37.78400305614961,49.53840237121885,64.07490672553268,40.2706305314415,41.43286671882025,33.28828804758465,1,2,2,1,2,2,Beginner_Path
L1848,Beginner,1.2,3,25.590183654750813,30.20035357287791,35.22635882516289,37.227782884015745,32.43219632979133,36.707054827545065,1,1,1,1,1,1,Beginner_Path
L1849,Upper-Intermediate,1.8,6,84.58816306467672,62.784309176599706,98.87625120626005,85.95148544195342,89.75454131042294,60.99188258988636,4,3,4,3,3,4,UpperIntermediate_Path
L1850,Intermediate,1.9,5,71.27686294516428,56.3885603243088,55.34785923249452,62.04941353815343,45.53242893671535,51.80903965748976,3,2,2,2,3,2,Elementary_Path
L1851,Elementary,1.6,7,30.52657525859186,53.31498866931662,57.38737925291357,39.61342362479415,46.652266752951725,40.13418753645262,1,2,2,2,2,2,Beginner_Path
L1852,Upper-Intermediate,1.4,4,84.78457805666551,77.98091048661561,67.26162674865796,66.19091170864306,68.03882948653698,68.99406894621792,4,3,3,3,4,3,Intermediate_Path
L1853,Upper-Intermediate,1.8,2,66.89471370178373,55.75832399812401,80.14694095544367,79.81993299254145,63.40464449549511,63.304476736241895,3,2,3,3,3,3,Intermediate_Path
L1854,Upper-Intermediate,0.5,5,83.56975536982786,89.11606067063322,83.86166497998389,83.41732852654597,72.1997576707823,54.65819039312778,4,4,4,3,4,3,Intermediate_Path
L1855,Upper-Intermediate,2.0,7,74.31553507333584,63.5883507060315,78.45309668865445,78.5168023225597,66.35827920826036,97.28499745296607,3,3,3,4,3,4,Intermediate_Path
L1856,Elementary,1.6,2,50.28775564080998,42.349350031114206,62.13877444090137,66.96888747872082,50.12654464148655,31.36595752662486,2,2,3,2,2,2,Elementary_Path
L1857,Intermediate,1.3,7,58.14902350578781,45.973456400121805,65.99014449487257,74.35007165731419,60.27177167672464,56.81459006942539,2,2,3,2,2,3,Elementary_Path
L1858,Elementary,2.9,3,62.12129204233486,71.98328835937087,49.775852716224904,52.41035834850763,43.78668276478021,27.279721715759578,3,3,2,1,3,2,Elementary_Path
L1859,Upper-Intermediate,1.0,1,62.60411987474971,72.42070670287967,74.3318668219766,64.61419340518498,71.2948664340613,50.02952563382025,3,3,3,3,3,3,Intermediate_Path
L1860,Intermediate,1.2,5,66.07840338735008,46.490249193184354,73.10913772615696,44.90012488268232,57.6915103209629,55.978264918522676,3,2,2,2,2,2,Elementary_Path
L1861,Intermediate,2.9,6,71.0133016488955,63.63923549962446,58.46257970193032,54.12618254985285,68.09846061119427,56.74367587768303,3,3,2,3,3,2,Elementary_Path
L1862,Intermediate,0.9,5,67.16340080540411,62.69135779310033,74.15402970484936,65.53213446416157,58.515705989358146,67.61498990802383,3,3,3,3,3,3,Intermediate_Path
L1863,Beginner,1.1,2,63.246989143234174,33.12272976420116,57.22711792831931,56.26647079311938,48.24701740786097,38.99546841015706,3,1,2,2,2,2,Beginner_Path
L1864,Elementary,1.4,3,44.71053237275301,53.406067127833836,38.3128613765387,52.174470344108,55.858129835546556,43.50189281254209,2,2,2,2,2,2,Beginner_Path
L1865,Advanced,2.1,7,99.57304822593531,76.74708039169136,100.0,99.68722794231236,95.71530696900741,75.50399755934995,4,3,4,4,4,4,Advanced_Path
L1866,Upper-Intermediate,1.6,4,73.9390936465858,65.07081725050747,100.0,70.54692513812198,88.87845970345973,84.99012068233549,3,3,4,4,3,4,UpperIntermediate_Path
L1867,Beginner,0.6,6,52.33406076352669,14.89783345433937,47.52003761201929,44.2276912522755,28.8060912025409,44.28851246050224,2,0,2,1,1,2,Beginner_Path
L1868,Beginner,1.1,3,39.923110042786305,21.760489157804372,50.99084185294822,46.23356829477173,35.268168936928866,22.536705222515753,1,1,2,1,1,1,Beginner_Path
L1869,Beginner,1.1,5,36.1212421813753,53.07630805670686,55.370053243691586,18.204057241474718,57.63298800299569,35.37963728210635,1,2,1,2,2,2,Beginner_Path
L1870,Intermediate,1.4,4,73.06072203871629,71.41428627722314,62.24517684820978,53.865611976234895,57.426834994107324,56.44052231526497,3,3,2,2,3,2,Elementary_Path
L1871,Upper-Intermediate,1.8,3,70.0843806098107,70.65788648648963,81.8228022353787,82.4970038427787,46.848763100941504,66.54346343394332,3,3,4,2,3,3,Intermediate_Path
L1872,Beginner,1.8,1,25.872742410994437,51.629314471898375,31.858004703768906,40.74468335636565,37.97031656852115,42.718504858067945,1,2,1,2,1,1,Beginner_Path
L1873,Elementary,0.5,6,44.83153116826171,43.39925513391695,56.38635028530451,36.034849518490674,51.3493953016325,53.31733138348177,2,2,2,2,2,2,Beginner_Path
L1874,Upper-Intermediate,2.2,2,81.19032946588533,67.56589697432092,84.98111995644541,48.69877624272644,48.82886882568789,68.09514302194894,4,3,3,2,3,3,Intermediate_Path
L1875,Intermediate,1.7,3,73.92038751587091,55.565106484655566,70.16163022926469,54.34219254697994,73.33935639887949,52.19130754202342,3,2,3,3,3,3,Elementary_Path
L1876,Elementary,2.5,3,51.11129375296512,43.750784046764345,65.6542472359758,47.28414307106121,42.86287536134398,59.98958462667532,2,2,2,2,2,2,Elementary_Path
L1877,Intermediate,1.8,1,73.18197067234026,52.848036764398195,57.25197821864471,49.16077050171654,63.28563115187516,64.32838892362237,3,2,2,3,3,2,Elementary_Path
L1878,Elementary,2.3,5,36.41825078522406,56.43398107149552,49.67393243326504,49.430849370279944,47.74018454655938,45.72360389908385,1,2,2,2,2,2,Beginner_Path
L1879,Elementary,1.8,7,45.56736535182097,46.50135653956203,73.95507345991355,53.063867472328944,37.116485807959585,28.707909609199465,2,2,3,1,2,2,Beginner_Path
L1880,Intermediate,2.4,7,57.11424882845899,62.124817644338044,63.4967162623629,64.70687170726232,49.2949186536458,58.44000106305036,2,3,3,2,2,2,Elementary_Path
L1881,Intermediate,1.9,6,58.8544057252748,65.3138052527733,67.00033787312329,34.440810750676775,50.64917163572453,61.980834649176686,2,3,2,2,3,2,Elementary_Path
L1882,Upper-Intermediate,1.4,6,75.84094388250196,73.88185795654734,79.32989958274779,59.8571490219188,85.85671909183638,42.45478371601627,3,3,3,3,3,3,Intermediate_Path
L1883,Intermediate,3.1,2,66.90910957392192,45.29728674091761,56.783191736949775,54.95377351645264,58.52461811899848,57.518694483180255,3,2,2,2,2,2,Elementary_Path
L1884,Intermediate,2.1,3,55.5519316182951,41.47134111035961,81.23529210891806,63.721731310374636,54.78134483448253,50.833080132042646,2,2,3,2,2,3,Elementary_Path
L1885,Beginner,1.9,4,41.39028686953126,36.48780634807305,39.72298588079394,42.892340135500355,30.653910874097686,32.791457198704485,2,1,2,1,1,1,Beginner_Path
L1886,Elementary,0.6,3,49.54877109675948,43.28743695175066,43.7271447629307,52.71869947876676,61.96150221526126,35.92619047236679,2,2,2,2,2,2,Beginner_Path
L1887,Beginner,0.6,7,30.7411009610885,35.87391428920122,40.492597226972485,34.16582058031068,54.64201272523587,33.51810709596358,1,1,1,2,1,2,Beginner_Path
L1888,Beginner,1.7,2,38.863333109185646,34.83945960751414,24.982939982744664,34.72366562690039,51.84743898706681,48.919915761813314,1,1,1,2,1,2,Beginner_Path
L1889,Intermediate,1.6,3,58.563404701028816,80.83573660166567,58.487125350168185,50.71670731578259,64.92437339154166,50.536015011844846,2,4,2,2,3,2,Elementary_Path
L1890,Advanced,1.1,1,88.34919434996954,71.69773744358662,85.31871402147674,95.68194128105849,92.89830041870712,94.65573558793184,4,3,4,4,4,4,UpperIntermediate_Path
L1891,Beginner,1.6,7,40.31759456581451,15.100537301788751,51.17428630927324,28.795112122604216,27.840621820240983,26.936687811203896,2,0,1,1,1,1,Beginner_Path
L1892,Elementary,2.6,3,50.75673540613386,48.3237683351961,48.265857604401276,56.5003639518957,47.54180873288942,52.58756192656039,2,2,2,2,2,2,Elementary_Path
L1893,Upper-Intermediate,2.0,3,70.67704820892669,66.23577445411804,88.87803935578849,75.07853238137646,68.16139796653563,70.01655855621951,3,3,4,3,3,3,Intermediate_Path
L1894,Beginner,0.7,7,52.727147339712644,38.16067869729951,58.98483993069321,37.549555215448464,21.744878910152902,38.520248287892805,2,1,2,1,2,1,Beginner_Path
L1895,Intermediate,1.4,4,48.305193707969835,60.83883022284001,72.81175336287599,51.43289600223533,70.57043419165366,55.07153256097487,2,3,3,3,2,3,Elementary_Path
L1896,Intermediate,0.9,7,52.79029891530104,67.84104695178897,62.84611711139923,44.444581388358735,53.041700536077244,61.416252324412085,2,3,2,2,3,2,Elementary_Path
L1897,Intermediate,1.2,1,87.79963624223555,39.92774179616062,66.41114496705593,51.52347243621954,71.95941907435306,29.32414882066242,4,1,2,2,3,2,Elementary_Path
L1898,Beginner,1.2,1,29.6200864501077,29.43282102142837,29.750150598559404,34.69993131375114,48.81746400760012,20.801746865424306,1,1,1,1,1,1,Beginner_Path
L1899,Elementary,1.2,3,36.462453252902414,49.28761258880764,53.6622062747876,24.309756884187486,55.56717976633419,49.170804980086444,1,2,1,2,2,2,Beginner_Path
L1900,Intermediate,0.6,6,67.34476745001218,62.704635956872266,56.39561531933167,56.026448446653355,66.12884071763183,34.564616461037645,3,3,2,2,3,2,Elementary_Path
L1901,Intermediate,1.4,4,39.22880146226126,76.93449550288386,71.94326381149298,67.24357368026006,53.84686117926292,49.69419644352791,1,3,3,2,2,3,Elementary_Path
L1902,Beginner,1.1,3,37.64726090027561,44.55703971113867,70.72752389244474,43.67217905433873,58.57850151290665,34.456591589633504,1,2,2,2,2,2,Beginner_Path
L1903,Intermediate,0.5,7,81.45824925076488,54.432114041137226,69.9982163597381,53.03794124258493,60.431254309530495,46.71859862387103,4,2,3,2,3,2,Elementary_Path
L1904,Beginner,2.9,3,24.550640778465997,26.095642470573384,25.088598510453334,38.469362984152276,43.01931685118704,28.084385973062265,1,1,1,1,1,1,Beginner_Path
L1905,Intermediate,2.3,2,40.18035514261287,49.35710147280981,61.387698070856274,52.43835430578,53.509236664333606,57.715822001535926,2,2,2,2,2,2,Elementary_Path
L1906,Beginner,1.2,2,25.008187980423017,29.072971770428936,46.22490925374455,39.48760733335696,30.6883473922304,45.09294955779809,1,1,2,1,1,2,Beginner_Path
L1907,Advanced,1.5,6,98.98359568346986,91.55233628513761,95.87357425260264,100.0,94.77296008809424,75.41550618745192,4,4,4,4,4,4,Advanced_Path
L1908,Elementary,0.7,4,61.247767199858124,47.56997445585831,47.691868743912465,57.68498802624876,52.175134959387854,39.2494180381263,3,2,2,2,2,2,Elementary_Path
L1909,Elementary,2.7,5,44.87411203021491,31.76350429157821,57.45291742636935,53.207943056927526,42.106476340974226,37.68739026672955,2,1,2,1,1,2,Beginner_Path
L1910,Beginner,2.8,2,46.83212404001069,30.64098530909567,32.574991630806124,33.07115087616282,25.61573281224596,10.786202481227214,2,1,1,0,1,1,Beginner_Path
L1911,Elementary,1.6,5,63.9025532751199,53.77547553451421,45.55091277314933,55.499383929448385,37.30076912672453,46.41711790317509,3,2,2,2,2,2,Elementary_Path
L1912,Upper-Intermediate,2.2,1,92.87346414429825,73.51662354974059,86.45797641603711,56.13123048626947,86.96133717091107,79.34717745828492,4,3,3,4,4,3,Intermediate_Path
L1913,Advanced,1.6,2,87.53664718820151,90.6864461601277,84.84336769120173,85.4764651800911,83.86746185349928,95.16643207315882,4,4,4,4,4,4,UpperIntermediate_Path
L1914,Elementary,0.6,2,26.985282823300132,48.82921710057263,60.38211605492257,53.8371141982395,46.61091454324166,36.292336235592614,1,2,2,2,1,2,Beginner_Path
L1915,Elementary,1.2,4,41.79121077590313,61.26430734608859,41.30536225343942,55.40421214047751,64.50340258759061,32.48301951479857,2,3,2,2,2,2,Beginner_Path
L1916,Intermediate,1.6,6,55.73195805064742,57.3604306382437,82.64825883791735,64.6988449021574,48.77849438513586,55.216055475916846,2,2,3,2,2,3,Elementary_Path
L1917,Upper-Intermediate,1.2,5,72.4106120342161,66.13977202129303,72.25730077595945,75.94830689209695,67.73005174282943,78.29273686566466,3,3,3,3,3,3,Intermediate_Path
L1918,Intermediate,1.3,7,58.1214059899128,45.842449588664394,62.763334281965555,56.04275020916117,52.31233171439307,56.54850448310384,2,2,2,2,2,2,Elementary_Path
L1919,Elementary,1.4,2,61.188945979306695,47.496094582097115,58.30613261090406,53.37975969826489,66.1806848116604,47.893046358737614,3,2,2,2,2,2,Elementary_Path
L1920,Elementary,1.4,2,62.744284266875816,20.59295985224916,49.34650047498906,38.471389594136994,69.93383500582414,56.41830927736233,3,1,2,3,2,2,Beginner_Path
L1921,Intermediate,1.5,4,58.28326346075217,53.15710998167288,66.43405961071305,49.5532273670675,67.51563225402171,47.60863440769297,2,2,2,2,2,2,Elementary_Path
L1922,Beginner,0.8,4,50.98484876051819,32.94160140078656,50.75356724520125,38.61734676460297,47.8338472415424,32.800299133269704,2,1,2,2,2,2,Beginner_Path
L1923,Intermediate,1.0,6,63.57661366631089,41.35529146382719,74.60613232503485,59.731976427087474,54.19644997147269,71.34605511761201,3,2,3,3,2,3,Elementary_Path
L1924,Elementary,0.6,5,50.64505972862572,35.71734161344004,62.91497435972957,29.743848214353537,69.47328486904283,43.03188876902373,2,1,2,2,2,2,Beginner_Path
L1925,Intermediate,2.2,1,69.06544157109964,63.09657530148241,63.28189536197326,62.55146380949519,62.67696254358662,42.32663034033429,3,3,3,2,3,2,Elementary_Path
L1926,Beginner,0.5,7,40.72252048237916,37.307117490749626,43.533682259563975,45.72728377919393,48.531102644497395,28.30643903749705,2,1,2,1,1,2,Beginner_Path
L1927,Intermediate,2.3,6,80.57811177097761,56.01788333707327,88.49108558025033,57.22714762533705,58.944750612290456,45.61820148778757,4,2,3,2,3,3,Elementary_Path
L1928,Elementary,2.5,1,35.61588833205441,48.06347533932023,64.49889068249291,71.74466283283992,47.319674126723896,48.571625857012705,1,2,3,2,2,2,Elementary_Path
L1929,Intermediate,1.3,3,54.84829100907982,55.92627587948923,55.78176343679786,51.17064893684814,76.63042259596118,46.04052996411221,2,2,2,3,2,2,Elementary_Path
L1930,Beginner,0.5,2,38.7348110304605,47.42862562858315,45.99988163765552,34.3891283661313,45.39723679738307,37.71034252861244,1,2,2,2,2,2,Beginner_Path
L1931,Intermediate,1.2,5,64.3945269045799,56.234291817036485,61.64856861221808,54.049330938727906,74.51375461070381,47.639347814593506,3,2,2,3,3,2,Elementary_Path
L1932,Intermediate,1.5,6,72.67960487103089,40.417868861812494,63.6466576607689,57.23812388708983,62.553281717450446,33.76621461601772,3,2,3,2,2,2,Elementary_Path
L1933,Intermediate,0.8,2,59.75601432763843,71.3012996487441,52.70504842291912,54.71275187033709,51.51633463576909,58.06619786981922,2,3,2,2,3,2,Elementary_Path
L1934,Intermediate,1.1,5,45.77770350493793,58.70340267328846,60.88076765614047,43.93189455395128,54.16657067121512,56.48463681546889,2,2,2,2,2,2,Elementary_Path
L1935,Intermediate,2.6,5,68.42513896455004,49.107462692049324,83.11555773193913,52.53451703763525,61.0296524246461,60.177578157088405,3,2,3,3,2,3,Elementary_Path
L1936,Upper-Intermediate,2.0,5,82.54958766141965,57.46598281704981,85.79076300875504,72.02379304225924,68.73499783956673,63.27012780834743,4,2,3,3,3,3,Intermediate_Path
L1937,Elementary,0.9,2,30.58141340620594,48.959142209580456,30.0883859184854,60.28572082061997,38.92538591372309,37.20455524640624,1,2,2,1,1,2,Beginner_Path
L1938,Upper-Intermediate,0.5,6,74.96195866329201,68.82827995025625,92.16723492497947,95.02243273372913,87.01417031787025,74.01466858481545,3,3,4,4,3,4,UpperIntermediate_Path
L1939,Elementary,1.3,7,34.09858169319702,60.741467860324086,65.8962952290916,61.354738978506546,44.55129929176488,60.190195725309806,1,3,3,2,2,2,Elementary_Path
L1940,Beginner,1.4,4,33.353489024979375,31.540927193331722,41.40714695693583,30.246209703273934,41.3819274779132,35.11168009506328,1,1,1,1,1,1,Beginner_Path
L1941,Beginner,1.8,2,30.971910730372002,26.62619210317533,52.17263543783215,31.041903893738343,42.96133589885605,39.24585096047145,1,1,2,2,1,2,Beginner_Path
L1942,Elementary,1.1,5,58.09264698241986,53.95796218235928,46.406007891828,46.40671422490649,44.11846874679431,41.784123155742925,2,2,2,2,2,2,Beginner_Path
L1943,Intermediate,1.9,6,61.16830174172184,64.2528189271683,60.297442837336426,75.84558888853586,74.50799466308739,39.56369478126315,3,3,3,2,3,3,Elementary_Path
L1944,Intermediate,2.9,7,47.144089992439724,56.68651367610195,79.98546360669854,56.345759478181066,48.82858238795387,64.67429419154058,2,2,3,2,2,3,Elementary_Path
L1945,Intermediate,2.1,3,68.80065962957342,61.76357047674908,62.282699601302916,44.72492509462569,62.61625263580771,64.08414239086162,3,3,2,3,3,2,Elementary_Path
L1946,Elementary,1.5,1,35.661941760715855,44.623128792577624,36.30268338045009,42.98822863046965,52.46117706376584,52.10774025175194,1,2,1,2,2,2,Beginner_Path
L1947,Elementary,1.4,5,53.301137904709435,47.33865101009247,54.366967772186634,55.57056001819417,49.45745397135852,43.18054561657581,2,2,2,2,2,2,Elementary_Path
L1948,Beginner,1.3,3,31.85989330708444,46.64990882563923,44.214116070856434,44.89940276896087,27.030873867280174,40.970560997385405,1,2,2,1,1,1,Beginner_Path
L1949,Elementary,2.3,4,46.3432291746948,51.25318334021503,66.9836856937346,45.99783333508344,58.70817551863464,53.937617973878304,2,2,2,2,2,2,Elementary_Path
L1950,Elementary,1.1,7,55.04270748038384,43.30725561667375,55.1433642217576,54.83414673560031,57.435106703345966,61.20158684956707,2,2,2,2,2,2,Elementary_Path
L1951,Beginner,1.5,7,45.21449399059529,48.52362545926151,40.78417688559707,15.268277974531681,33.244314714087835,44.88526104647442,2,2,1,1,2,1,Beginner_Path
L1952,Beginner,1.5,5,53.3696907355596,11.351446272084878,55.45056145231206,39.03829235032698,47.074872072053616,35.63821225033639,2,0,2,2,1,2,Beginner_Path
L1953,Intermediate,1.1,7,59.17746300328547,75.52073311421935,66.2079023250111,66.6068542136863,63.74907686300776,41.91746744575629,2,3,3,2,3,2,Elementary_Path
L1954,Intermediate,0.5,3,63.06450862963341,37.940409051092644,57.49977318434283,49.67136724845465,47.193878546388916,56.55658297671741,3,1,2,2,2,2,Elementary_Path
L1955,Advanced,1.7,5,85.62262677595675,78.72907175227704,100.0,79.63661463503712,81.46071085428642,87.56577395849308,4,3,4,4,4,4,UpperIntermediate_Path
L1956,Upper-Intermediate,1.5,2,76.81989882622797,69.5908246480493,81.936617645168,54.33551847236525,86.3828144488958,77.09029775318304,3,3,3,4,3,3,Intermediate_Path
L1957,Intermediate,1.9,6,64.39486048008511,53.53519329271839,65.02925966679437,73.89895594810694,63.0941618514205,68.53891859323426,3,2,3,3,2,3,Elementary_Path
L1958,Elementary,1.1,3,49.01690152545624,55.06411040026555,56.77908391411654,40.79846022978433,44.35697054189374,44.048494879432205,2,2,2,2,2,2,Beginner_Path
L1959,Intermediate,2.4,6,41.96249515907503,44.42163381389766,54.29331628583403,60.410432778621114,51.41524108827358,76.00987189813111,2,2,2,3,2,3,Elementary_Path
L1960,Intermediate,0.9,2,63.31470896330895,57.607668174830636,59.72346223821663,64.03917041483375,54.84606201884579,37.40712979959423,3,2,3,2,3,2,Elementary_Path
L1961,Beginner,2.7,2,43.64561477355457,29.21787901780246,45.03582601832783,53.120679491414535,35.555204701222955,39.19341872461625,2,1,2,1,1,2,Beginner_Path
L1962,Elementary,0.5,6,43.19826523652049,47.95140979337417,53.0533630497532,46.46102226014365,41.54036967370748,37.01479607815972,2,2,2,1,2,2,Beginner_Path
L1963,Upper-Intermediate,1.8,3,62.15612963927486,69.35227740202123,92.72428382816595,67.60570206221581,57.58235887616698,50.92778000311197,3,3,4,2,3,3,Intermediate_Path
L1964,Elementary,1.8,6,64.75879150503965,45.92935652682978,57.174058527270034,49.73067648570554,61.40013286400786,42.982256237008414,3,2,2,2,2,2,Elementary_Path
L1965,Intermediate,0.9,6,64.91445510894403,49.50075167535654,73.54903922636403,70.84080276542286,69.70633672611443,40.42827301579044,3,2,3,2,2,3,Elementary_Path
L1966,Intermediate,1.8,1,57.70918969078291,49.899360499039176,65.0939535457585,56.29827468599216,47.267445481931404,53.385721019671834,2,2,3,2,2,2,Elementary_Path
L1967,Beginner,2.4,3,28.629671168525128,37.87272514027427,55.562884837461226,28.451309184159236,41.36311295563668,35.347692480944566,1,1,2,1,1,2,Beginner_Path
L1968,Elementary,0.5,1,41.781851715786544,54.437155057560446,58.97527756573154,32.59242191684638,40.977617972852336,56.1854140933595,2,2,2,2,2,2,Beginner_Path
L1969,Elementary,1.9,5,63.02590396786232,39.01720665802152,55.134204853884604,35.78702615394775,47.384327767734646,29.924148652360625,3,1,2,1,2,2,Beginner_Path
L1970,Beginner,0.5,7,41.37661940868046,26.3123245542709,44.867169110409804,46.64391497406665,36.552334201263434,44.08445165645772,2,1,2,2,1,2,Beginner_Path
L1971,Beginner,0.8,6,34.49412932999294,41.134601656718374,35.45561373709037,34.79375523693189,35.72165784282127,35.98080450279794,1,2,1,1,1,1,Beginner_Path
L1972,Upper-Intermediate,2.6,5,80.09689231224657,69.6749610694231,85.06915720136311,66.9247909007929,95.02947084076285,80.28849153609595,4,3,3,4,3,4,Intermediate_Path
L1973,Elementary,1.1,3,41.856018125536764,53.30498133985952,54.59795265463621,40.84032776816058,45.596743153238094,40.682488249688724,2,2,2,2,2,2,Beginner_Path
L1974,Elementary,0.7,6,65.00843030280379,35.94202786628853,49.98008039818795,48.850458602001815,41.91736174933075,31.677554132365547,3,1,2,1,2,2,Beginner_Path
L1975,Elementary,1.4,7,63.528005348967255,27.205610745765693,66.06461770812072,45.605449062344164,42.37418570502952,32.825006737841335,3,1,2,1,2,2,Beginner_Path
L1976,Upper-Intermediate,2.9,5,70.33425928797223,64.66995918173666,67.49783974105199,70.26867856280748,85.43776956401756,57.081925463328844,3,3,3,3,3,3,Intermediate_Path
L1977,Elementary,0.5,4,43.713297529691395,37.33647390734984,50.775041045675664,61.493239278107396,33.478976683070655,49.77814152920655,2,1,2,2,2,2,Beginner_Path
L1978,Elementary,0.8,2,23.8186680130772,44.212115999197,65.27718748779533,63.380162818616334,42.3737708356448,59.769220222147,1,2,3,2,1,2,Beginner_Path
L1979,Upper-Intermediate,2.5,6,60.18419228448632,63.631547857296106,83.15522940920253,56.899783270910035,89.46822840111534,64.3504847334478,3,3,3,3,3,3,Intermediate_Path
L1980,Upper-Intermediate,2.8,7,61.60530225042244,77.4101695133645,79.52141072347243,76.27592731142957,77.43986187997646,76.29135298257783,3,3,3,3,3,3,Intermediate_Path
L1981,Beginner,1.4,2,41.351903409873856,32.11849737577484,47.510035431501464,30.23137901378608,41.91922005036113,19.765579418643803,2,1,1,1,1,1,Beginner_Path
L1982,Upper-Intermediate,0.6,1,71.7376629555864,71.50474498773902,81.79414171048842,70.51748886138907,96.32146460143701,71.803212491773,3,3,3,4,3,4,Intermediate_Path
L1983,Elementary,3.0,5,36.54664512584759,46.57634558440944,39.833374537140784,51.092783851266944,52.463479529484985,51.68562616337127,1,2,2,2,2,2,Beginner_Path
L1984,Elementary,2.6,1,47.188359575354426,46.94955092412187,51.50738114652039,45.87280083069081,42.91813838640417,30.518752247231316,2,2,2,1,2,2,Beginner_Path
L1985,Beginner,2.0,7,45.05337147647349,34.75870889545027,61.16521654513749,40.30459880627633,37.179229431236514,32.96116531020145,2,1,2,1,1,2,Beginner_Path
L1986,Beginner,0.9,6,45.27839349915587,40.10600690410313,38.406758652228326,44.72970206031918,28.645676909694313,42.159171404855655,2,2,2,1,2,1,Beginner_Path
L1987,Intermediate,1.5,2,41.00329719141119,47.04344866174193,61.81698985895666,60.945768005403195,72.55937040015696,25.66229352770523,2,2,3,2,2,2,Elementary_Path
L1988,Elementary,1.4,2,48.71736519516169,58.99417926653883,49.58379236690813,41.531636958323766,55.74561717536715,58.354530617017424,2,2,2,2,2,2,Elementary_Path
L1989,Elementary,1.7,5,36.1665922302839,42.634626166314646,54.12984776681863,41.70800393029676,61.24414149970889,48.536793758910484,1,2,2,2,1,2,Beginner_Path
L1990,Intermediate,2.5,6,69.01728697140274,41.88450862101318,59.16877168675702,43.602947033819646,72.1298392854937,62.16727647717343,3,2,2,3,2,2,Elementary_Path
L1991,Intermediate,2.1,4,67.84146416353498,56.88073356991773,69.8674150215806,49.46079702479282,55.85789219072468,50.87280720805236,3,2,2,2,3,2,Elementary_Path
L1992,Beginner,0.7,4,31.019727736755414,26.48819517552515,46.973134122902664,57.62068361898528,30.5524714799111,17.772775184346447,1,1,2,1,1,1,Beginner_Path
L1993,Intermediate,2.5,5,52.339547975996,61.65334534508875,72.73547615107017,50.07996425904756,59.48286888691954,60.340629563169514,2,3,3,2,2,3,Elementary_Path
L1994,Beginner,1.7,6,35.38732949501693,57.09605576042378,34.4905883381104,26.0662118755618,31.272389292114617,34.17409674583488,1,2,1,1,2,1,Beginner_Path
L1995,Intermediate,2.0,5,37.47206605268661,47.1342790844215,61.59659517117097,61.199278618447735,61.64956875409025,55.32115455432321,1,2,3,2,2,2,Elementary_Path
L1996,Intermediate,2.5,6,63.35968173440577,58.32372333223985,62.74277368387865,56.8963524070814,71.32096880834689,65.87606985198954,3,2,2,3,3,3,Elementary_Path
L1997,Advanced,0.7,7,87.2715545365987,67.44494411295372,99.55646910088595,86.04406763150774,88.31860353950833,92.62063873862598,4,3,4,4,3,4,UpperIntermediate_Path
L1998,Beginner,1.5,7,49.70175082567859,39.53905229441347,37.06778802792965,52.0904596641209,41.49995089907739,54.212374170896126,2,1,2,2,2,2,Beginner_Path
L1999,Beginner,1.1,1,29.015907820374473,26.1428620020031,54.15653804258344,43.49126675558365,39.06154383776634,36.53854228873499,1,1,2,1,1,2,Beginner_Path
L2000,Elementary,0.5,5,43.80877051750068,38.751653815655175,66.86415590517609,42.70007068296525,58.02727572437698,38.08787562208883,2,1,2,2,2,2,Beginner_Path
